date,channel_id,views,likes,comments,shares,subscribers_gained,estimated_revenue,avg_view_pct,avg_view_duration
2026-04-01,UC2IjY1Gm6b7pYp-vMJ2R9ig,4,0,0,0,0,0.0,211.43,29.0
2026-04-01,UCIg97fCjw1HnS8vPqwiHLGA,104509,622,18,74,300,51.862,15.61,226.77
2026-04-01,UCP4STX85lq_fpEtvQcq_5fw,172168,1067,22,124,512,99.799,19.33,222.43
2026-04-01,UCbnCFV5_c-nGiEQN1anEO5A,284,1,0,0,1,0.274,14.12,154.93
2026-04-01,UCf3lAEw_WPtcgHMUVAunzSw,127316,584,9,138,239,0.0,12.81,170.05
2026-04-01,UChhBhc7qJ42rgzAIPe9z6Cg,615,3,1,0,2,0.0,19.34,134.95
2026-04-01,UCm3RYOItKT_P0-oRCkkSMZw,1890,13,0,0,6,0.0,19.24,258.98
2026-04-01,UCxxl4xdZZqRSSz2VfnFBhwA,9188,71,1,9,32,0.0,13.65,266.88
2026-04-02,UC2IjY1Gm6b7pYp-vMJ2R9ig,2478,22,1,0,7,0.0,15.77,121.11
2026-04-02,UCIg97fCjw1HnS8vPqwiHLGA,100075,660,8,114,312,60.096,16.15,227.81
2026-04-02,UCP4STX85lq_fpEtvQcq_5fw,168919,1051,13,114,525,86.266,19.83,217.59
2026-04-02,UCbnCFV5_c-nGiEQN1anEO5A,694,3,2,0,3,1.416,15.0,199.57
2026-04-02,UCf3lAEw_WPtcgHMUVAunzSw,79296,574,0,67,202,0.0,14.88,214.29
2026-04-02,UChhBhc7qJ42rgzAIPe9z6Cg,4062,30,0,2,22,0.0,15.69,152.17
2026-04-02,UCm3RYOItKT_P0-oRCkkSMZw,1008,7,1,3,7,0.0,22.74,302.58
2026-04-02,UCxxl4xdZZqRSSz2VfnFBhwA,17587,152,3,10,60,0.0,15.65,279.27
2026-04-03,UC2IjY1Gm6b7pYp-vMJ2R9ig,10959,68,0,4,30,0.0,16.89,150.93
2026-04-03,UCIg97fCjw1HnS8vPqwiHLGA,108289,723,7,83,327,61.638,16.28,237.12
2026-04-03,UCP4STX85lq_fpEtvQcq_5fw,213529,1224,15,130,724,105.437,19.79,203.18
2026-04-03,UCbnCFV5_c-nGiEQN1anEO5A,1617,10,1,1,8,1.848,17.17,223.7
2026-04-03,UCf3lAEw_WPtcgHMUVAunzSw,188588,943,19,143,396,0.0,12.85,179.5
2026-04-03,UChhBhc7qJ42rgzAIPe9z6Cg,11906,78,3,11,69,0.0,11.93,105.9
2026-04-03,UCm3RYOItKT_P0-oRCkkSMZw,703,2,0,1,2,0.0,18.96,252.98
2026-04-03,UCxxl4xdZZqRSSz2VfnFBhwA,33977,354,5,53,160,0.0,18.71,336.86
2026-04-04,UC2IjY1Gm6b7pYp-vMJ2R9ig,25576,201,2,20,67,0.0,17.31,168.8
2026-04-04,UCIg97fCjw1HnS8vPqwiHLGA,97846,626,11,61,328,54.311,15.81,229.31
2026-04-04,UCP4STX85lq_fpEtvQcq_5fw,234876,1463,31,179,729,114.345,20.47,194.0
2026-04-04,UCbnCFV5_c-nGiEQN1anEO5A,1121,10,0,2,6,1.618,13.57,178.33
2026-04-04,UCf3lAEw_WPtcgHMUVAunzSw,116116,607,10,99,257,0.0,12.73,176.94
2026-04-04,UChhBhc7qJ42rgzAIPe9z6Cg,11381,82,1,5,52,0.0,13.46,117.33
2026-04-04,UCm3RYOItKT_P0-oRCkkSMZw,3379,35,0,4,18,0.0,12.84,159.99
2026-04-04,UCxxl4xdZZqRSSz2VfnFBhwA,36421,390,8,39,180,0.0,17.03,305.56
2026-04-05,UC2IjY1Gm6b7pYp-vMJ2R9ig,56073,309,5,95,144,0.0,18.66,175.27
2026-04-05,UCIg97fCjw1HnS8vPqwiHLGA,105109,764,12,89,351,69.343,16.52,239.6
2026-04-05,UCP4STX85lq_fpEtvQcq_5fw,231979,1386,9,167,722,118.808,20.21,193.89
2026-04-05,UCbnCFV5_c-nGiEQN1anEO5A,968,7,0,3,4,0.868,13.61,187.16
2026-04-05,UCf3lAEw_WPtcgHMUVAunzSw,92653,579,10,74,233,0.0,14.56,210.04
2026-04-05,UChhBhc7qJ42rgzAIPe9z6Cg,30653,188,3,24,96,0.0,15.76,167.12
2026-04-05,UCm3RYOItKT_P0-oRCkkSMZw,12020,75,1,1,31,0.0,11.7,144.78
2026-04-05,UCxxl4xdZZqRSSz2VfnFBhwA,57660,441,9,67,183,0.0,14.56,212.96
2026-04-06,UC2IjY1Gm6b7pYp-vMJ2R9ig,79448,365,8,70,215,0.0,16.34,149.61
2026-04-06,UCIg97fCjw1HnS8vPqwiHLGA,116928,828,13,104,361,66.859,17.82,223.5
2026-04-06,UCP4STX85lq_fpEtvQcq_5fw,197099,1248,10,137,646,99.474,21.21,183.11
2026-04-06,UCbnCFV5_c-nGiEQN1anEO5A,847,8,1,2,7,0.71,13.19,188.24
2026-04-06,UCf3lAEw_WPtcgHMUVAunzSw,67478,356,2,47,187,17.448,14.22,203.79
2026-04-06,UChhBhc7qJ42rgzAIPe9z6Cg,80382,448,3,76,201,0.0,15.54,155.09
2026-04-06,UCm3RYOItKT_P0-oRCkkSMZw,7302,76,2,2,33,0.0,13.24,153.48
2026-04-06,UCxxl4xdZZqRSSz2VfnFBhwA,62327,471,11,62,170,0.0,12.2,167.46
2026-04-07,UC2IjY1Gm6b7pYp-vMJ2R9ig,91512,429,5,89,205,0.0,14.72,153.61
2026-04-07,UCIg97fCjw1HnS8vPqwiHLGA,100416,796,6,68,359,65.759,18.16,248.05
2026-04-07,UCP4STX85lq_fpEtvQcq_5fw,148896,1080,19,139,530,88.006,20.54,222.98
2026-04-07,UCbnCFV5_c-nGiEQN1anEO5A,958,6,0,3,7,0.889,14.14,189.88
2026-04-07,UCf3lAEw_WPtcgHMUVAunzSw,87773,642,4,67,260,77.766,19.79,273.93
2026-04-07,UChhBhc7qJ42rgzAIPe9z6Cg,49110,298,3,43,130,0.0,18.49,163.01
2026-04-07,UCm3RYOItKT_P0-oRCkkSMZw,5285,26,0,1,23,0.0,12.02,146.38
2026-04-07,UCxxl4xdZZqRSSz2VfnFBhwA,33402,316,5,33,142,0.232,16.36,279.96
2026-04-08,UC2IjY1Gm6b7pYp-vMJ2R9ig,48905,223,6,38,131,0.0,13.49,129.94
2026-04-08,UCIg97fCjw1HnS8vPqwiHLGA,81322,563,4,60,272,41.624,18.34,251.17
2026-04-08,UCP4STX85lq_fpEtvQcq_5fw,100295,724,10,72,284,57.191,21.32,210.91
2026-04-08,UCbnCFV5_c-nGiEQN1anEO5A,952,5,1,2,3,1.203,14.47,186.26
2026-04-08,UCf3lAEw_WPtcgHMUVAunzSw,107534,694,12,89,294,81.785,19.78,276.51
2026-04-08,UChhBhc7qJ42rgzAIPe9z6Cg,93399,394,3,41,202,0.0,12.09,117.73
2026-04-08,UCm3RYOItKT_P0-oRCkkSMZw,3592,37,1,6,21,0.0,13.26,155.66
2026-04-08,UCxxl4xdZZqRSSz2VfnFBhwA,28641,240,8,32,121,33.148,19.37,323.47
2026-04-09,UC2IjY1Gm6b7pYp-vMJ2R9ig,61540,248,4,30,146,0.0,11.44,115.63
2026-04-09,UCIg97fCjw1HnS8vPqwiHLGA,150412,978,19,126,406,48.366,17.81,264.05
2026-04-09,UCP4STX85lq_fpEtvQcq_5fw,134053,761,13,82,468,56.758,17.6,216.0
2026-04-09,UCbnCFV5_c-nGiEQN1anEO5A,784,2,0,3,1,1.001,14.91,158.33
2026-04-09,UCf3lAEw_WPtcgHMUVAunzSw,91254,446,10,61,240,38.651,15.74,209.81
2026-04-09,UChhBhc7qJ42rgzAIPe9z6Cg,124505,470,8,61,288,0.0,11.42,111.81
2026-04-09,UCm3RYOItKT_P0-oRCkkSMZw,3035,30,1,4,27,0.0,11.42,134.34
2026-04-09,UCxxl4xdZZqRSSz2VfnFBhwA,33528,329,6,51,159,61.978,19.2,292.34
2026-04-10,UC2IjY1Gm6b7pYp-vMJ2R9ig,36454,162,2,17,62,0.0,10.96,109.32
2026-04-10,UCIg97fCjw1HnS8vPqwiHLGA,172846,1014,16,125,434,86.784,17.74,270.44
2026-04-10,UCP4STX85lq_fpEtvQcq_5fw,144251,751,16,91,494,60.184,15.39,224.33
2026-04-10,UCbnCFV5_c-nGiEQN1anEO5A,1063,10,1,5,10,2.464,15.5,195.96
2026-04-10,UCf3lAEw_WPtcgHMUVAunzSw,92650,399,22,57,199,33.217,13.85,191.0
2026-04-10,UChhBhc7qJ42rgzAIPe9z6Cg,121082,511,7,47,258,0.0,12.17,111.77
2026-04-10,UCm3RYOItKT_P0-oRCkkSMZw,3159,23,0,0,21,0.0,11.2,128.77
2026-04-10,UCxxl4xdZZqRSSz2VfnFBhwA,60015,560,11,43,195,91.624,19.75,321.87
2026-04-11,UC2IjY1Gm6b7pYp-vMJ2R9ig,25412,97,0,18,57,0.0,13.22,125.52
2026-04-11,UCIg97fCjw1HnS8vPqwiHLGA,182093,1365,26,120,468,94.289,18.01,270.65
2026-04-11,UCP4STX85lq_fpEtvQcq_5fw,48518,297,6,30,122,41.232,20.26,204.36
2026-04-11,UCbnCFV5_c-nGiEQN1anEO5A,1039,9,0,2,6,1.601,12.78,161.16
2026-04-11,UCf3lAEw_WPtcgHMUVAunzSw,106877,417,3,66,210,36.641,14.35,180.97
2026-04-11,UChhBhc7qJ42rgzAIPe9z6Cg,39827,168,1,27,74,0.0,15.18,127.61
2026-04-11,UCm3RYOItKT_P0-oRCkkSMZw,3688,37,0,1,24,0.0,13.74,139.76
2026-04-11,UCxxl4xdZZqRSSz2VfnFBhwA,39209,349,4,27,133,52.496,17.29,292.11
2026-04-12,UC2IjY1Gm6b7pYp-vMJ2R9ig,29968,180,1,9,84,0.0,15.55,155.3
2026-04-12,UCIg97fCjw1HnS8vPqwiHLGA,174734,1131,11,162,405,67.72,18.98,276.48
2026-04-12,UCP4STX85lq_fpEtvQcq_5fw,75547,426,8,31,244,54.621,21.94,192.1
2026-04-12,UCbnCFV5_c-nGiEQN1anEO5A,964,5,0,1,1,1.399,13.61,181.7
2026-04-12,UCf3lAEw_WPtcgHMUVAunzSw,104141,466,2,73,218,31.197,15.33,186.93
2026-04-12,UChhBhc7qJ42rgzAIPe9z6Cg,12039,51,1,1,28,0.0,14.79,130.13
2026-04-12,UCm3RYOItKT_P0-oRCkkSMZw,10811,125,2,16,66,0.0,19.67,433.37
2026-04-12,UCxxl4xdZZqRSSz2VfnFBhwA,42868,393,6,55,129,74.834,19.09,309.71
2026-04-13,UC2IjY1Gm6b7pYp-vMJ2R9ig,23700,147,3,10,83,9.835,13.28,137.15
2026-04-13,UCIg97fCjw1HnS8vPqwiHLGA,152147,865,7,130,376,56.158,15.9,231.4
2026-04-13,UCP4STX85lq_fpEtvQcq_5fw,143065,710,5,147,502,56.105,14.63,227.9
2026-04-13,UCbnCFV5_c-nGiEQN1anEO5A,707,2,0,3,4,1.023,11.4,146.52
2026-04-13,UCf3lAEw_WPtcgHMUVAunzSw,41923,273,5,21,121,23.228,17.53,231.95
2026-04-13,UChhBhc7qJ42rgzAIPe9z6Cg,10599,66,3,3,39,5.37,15.55,142.22
2026-04-13,UCm3RYOItKT_P0-oRCkkSMZw,37663,335,7,45,164,0.0,19.08,381.42
2026-04-13,UCxxl4xdZZqRSSz2VfnFBhwA,46900,403,12,72,153,75.137,18.5,309.27
2026-04-14,UC2IjY1Gm6b7pYp-vMJ2R9ig,24425,172,2,20,69,15.321,15.19,126.83
2026-04-14,UCIg97fCjw1HnS8vPqwiHLGA,156763,1020,11,138,433,49.565,15.53,237.22
2026-04-14,UCP4STX85lq_fpEtvQcq_5fw,88673,447,0,57,239,42.476,15.9,199.61
2026-04-14,UCbnCFV5_c-nGiEQN1anEO5A,652,8,0,3,2,1.156,13.6,190.32
2026-04-14,UCf3lAEw_WPtcgHMUVAunzSw,40340,236,5,35,146,23.285,16.07,248.95
2026-04-14,UChhBhc7qJ42rgzAIPe9z6Cg,10872,76,0,3,33,11.257,15.4,171.33
2026-04-14,UCk2O5vfW3c_W5YWQ_BoD1Ug,76,0,0,1,1,0.0,6.31,85.0
2026-04-14,UCm3RYOItKT_P0-oRCkkSMZw,34708,380,5,50,166,0.0,21.85,376.22
2026-04-14,UCxxl4xdZZqRSSz2VfnFBhwA,52390,532,19,60,186,78.71,18.47,289.21
2026-04-15,UC2IjY1Gm6b7pYp-vMJ2R9ig,25568,207,7,19,84,14.369,14.45,142.2
2026-04-15,UCIg97fCjw1HnS8vPqwiHLGA,178032,1264,23,140,450,79.399,16.04,259.31
2026-04-15,UCP4STX85lq_fpEtvQcq_5fw,51296,337,1,30,98,32.165,21.34,156.5
2026-04-15,UCbnCFV5_c-nGiEQN1anEO5A,533,2,0,1,4,0.892,13.18,166.82
2026-04-15,UCf3lAEw_WPtcgHMUVAunzSw,44973,378,2,59,150,24.064,16.09,244.08
2026-04-15,UChhBhc7qJ42rgzAIPe9z6Cg,11746,64,2,13,25,8.184,16.17,144.34
2026-04-15,UCk2O5vfW3c_W5YWQ_BoD1Ug,403,3,0,0,1,0.0,4.58,61.0
2026-04-15,UCm3RYOItKT_P0-oRCkkSMZw,53013,623,19,102,278,0.0,24.45,433.68
2026-04-15,UCxxl4xdZZqRSSz2VfnFBhwA,49659,492,5,51,177,71.023,17.69,269.96
2026-04-16,UC2IjY1Gm6b7pYp-vMJ2R9ig,21140,148,1,15,82,15.063,15.07,144.68
2026-04-16,UCIg97fCjw1HnS8vPqwiHLGA,177627,1141,19,162,439,70.832,16.39,250.14
2026-04-16,UCP4STX85lq_fpEtvQcq_5fw,70759,479,0,51,211,45.954,20.54,176.45
2026-04-16,UCbnCFV5_c-nGiEQN1anEO5A,568,2,1,2,2,0.835,13.55,159.82
2026-04-16,UCf3lAEw_WPtcgHMUVAunzSw,67043,459,2,66,190,29.312,16.73,227.25
2026-04-16,UChhBhc7qJ42rgzAIPe9z6Cg,3455,23,0,0,9,0.593,16.06,142.39
2026-04-16,UCk2O5vfW3c_W5YWQ_BoD1Ug,463,1,0,0,4,0.0,2.92,39.0
2026-04-16,UCm3RYOItKT_P0-oRCkkSMZw,52565,534,13,75,250,0.0,19.85,352.86
2026-04-16,UCxxl4xdZZqRSSz2VfnFBhwA,43355,466,11,51,133,65.064,17.59,265.29
2026-04-17,UC0GVHmLgrxE2SS8F0C19JVg,282,2,0,0,0,0.0,15.74,260.0
2026-04-17,UC2IjY1Gm6b7pYp-vMJ2R9ig,20524,171,2,15,47,16.928,16.99,151.62
2026-04-17,UCIg97fCjw1HnS8vPqwiHLGA,171505,1012,24,117,417,87.129,17.1,255.81
2026-04-17,UCP4STX85lq_fpEtvQcq_5fw,162811,873,7,73,588,91.619,18.15,213.3
2026-04-17,UCbnCFV5_c-nGiEQN1anEO5A,574,7,1,0,5,0.925,11.72,145.71
2026-04-17,UCf3lAEw_WPtcgHMUVAunzSw,76029,458,7,54,186,24.495,15.4,219.39
2026-04-17,UChhBhc7qJ42rgzAIPe9z6Cg,12083,84,0,5,31,11.716,14.92,156.53
2026-04-17,UCk2O5vfW3c_W5YWQ_BoD1Ug,318,2,0,1,1,0.0,4.89,69.26
2026-04-17,UCm3RYOItKT_P0-oRCkkSMZw,45263,437,7,59,161,0.0,21.32,386.76
2026-04-17,UCxxl4xdZZqRSSz2VfnFBhwA,57809,594,17,49,188,90.882,18.29,274.4
2026-04-18,UC0GVHmLgrxE2SS8F0C19JVg,2632,39,1,0,14,0.0,15.14,250.0
2026-04-18,UC2IjY1Gm6b7pYp-vMJ2R9ig,33338,258,4,20,96,26.385,17.44,173.39
2026-04-18,UCIg97fCjw1HnS8vPqwiHLGA,173924,922,9,138,435,76.518,16.09,237.34
2026-04-18,UCP4STX85lq_fpEtvQcq_5fw,200373,982,24,200,739,81.047,11.22,207.6
2026-04-18,UCbnCFV5_c-nGiEQN1anEO5A,720,2,0,1,4,1.131,11.41,145.27
2026-04-18,UCf3lAEw_WPtcgHMUVAunzSw,108813,727,4,152,377,46.728,16.88,229.69
2026-04-18,UChhBhc7qJ42rgzAIPe9z6Cg,11854,63,2,10,28,9.602,18.32,181.99
2026-04-18,UCk2O5vfW3c_W5YWQ_BoD1Ug,2780,30,0,2,16,0.0,12.32,194.39
2026-04-18,UCm3RYOItKT_P0-oRCkkSMZw,65607,608,10,60,265,0.0,20.21,380.87
2026-04-18,UCxxl4xdZZqRSSz2VfnFBhwA,74339,708,21,71,264,119.954,18.96,284.99
2026-04-19,UC0GVHmLgrxE2SS8F0C19JVg,1601,21,0,0,7,0.0,14.4,237.89
2026-04-19,UC2IjY1Gm6b7pYp-vMJ2R9ig,27433,198,11,25,87,31.072,17.08,218.92
2026-04-19,UCIg97fCjw1HnS8vPqwiHLGA,90399,456,2,66,197,14.985,15.74,187.25
2026-04-19,UCP4STX85lq_fpEtvQcq_5fw,9330,71,0,24,31,9.339,13.98,127.51
2026-04-19,UCbnCFV5_c-nGiEQN1anEO5A,824,4,0,1,7,1.574,10.74,130.78
2026-04-19,UCf3lAEw_WPtcgHMUVAunzSw,106462,624,10,111,331,36.831,14.97,213.64
2026-04-19,UChhBhc7qJ42rgzAIPe9z6Cg,5365,32,1,2,16,2.535,13.24,144.86
2026-04-19,UCk2O5vfW3c_W5YWQ_BoD1Ug,59025,559,16,55,271,0.0,16.49,261.84
2026-04-19,UCm3RYOItKT_P0-oRCkkSMZw,74398,717,9,78,222,0.0,19.67,390.88
2026-04-19,UCxxl4xdZZqRSSz2VfnFBhwA,70474,690,16,82,225,105.484,18.26,276.14
2026-04-20,UC0GVHmLgrxE2SS8F0C19JVg,4908,48,0,5,10,0.0,14.11,220.93
2026-04-20,UC2IjY1Gm6b7pYp-vMJ2R9ig,14962,97,1,19,39,10.838,16.45,177.78
2026-04-20,UC77WdDKy6cbCxZkC46eaudA,61,2,0,0,1,0.0,10.52,175.0
2026-04-20,UCIg97fCjw1HnS8vPqwiHLGA,226147,1221,9,171,551,89.324,16.79,240.13
2026-04-20,UCP4STX85lq_fpEtvQcq_5fw,44475,189,0,26,123,19.151,10.22,180.99
2026-04-20,UCbnCFV5_c-nGiEQN1anEO5A,1265,9,0,1,4,1.131,8.76,82.31
2026-04-20,UCf3lAEw_WPtcgHMUVAunzSw,144041,832,4,223,392,42.281,14.9,203.71
2026-04-20,UChhBhc7qJ42rgzAIPe9z6Cg,26550,140,1,28,74,20.544,17.84,186.91
2026-04-20,UCk2O5vfW3c_W5YWQ_BoD1Ug,33817,250,8,45,124,0.0,17.45,275.96
2026-04-20,UCm3RYOItKT_P0-oRCkkSMZw,60897,573,17,82,185,52.639,17.09,346.23
2026-04-20,UCxxl4xdZZqRSSz2VfnFBhwA,56187,599,5,52,172,77.902,17.64,269.0
2026-04-21,UC0GVHmLgrxE2SS8F0C19JVg,29658,219,3,37,105,0.0,15.31,221.95
2026-04-21,UC2IjY1Gm6b7pYp-vMJ2R9ig,21068,122,2,19,64,31.202,17.42,261.58
2026-04-21,UC77WdDKy6cbCxZkC46eaudA,8004,47,2,9,26,0.0,16.68,314.85
2026-04-21,UCIg97fCjw1HnS8vPqwiHLGA,114522,548,6,91,219,56.179,16.95,234.68
2026-04-21,UCP4STX85lq_fpEtvQcq_5fw,29365,209,0,12,47,15.458,17.74,167.67
2026-04-21,UCbnCFV5_c-nGiEQN1anEO5A,567,6,0,2,5,0.629,9.11,111.8
2026-04-21,UCf3lAEw_WPtcgHMUVAunzSw,57822,414,3,86,225,33.075,17.0,271.46
2026-04-21,UChhBhc7qJ42rgzAIPe9z6Cg,11378,78,0,15,17,6.808,13.89,202.2
2026-04-21,UCk2O5vfW3c_W5YWQ_BoD1Ug,48506,302,6,51,131,0.0,16.66,195.49
2026-04-21,UCm3RYOItKT_P0-oRCkkSMZw,79869,823,7,81,310,84.188,17.3,348.11
2026-04-21,UCxxl4xdZZqRSSz2VfnFBhwA,47500,483,12,69,190,58.104,18.47,292.65
2026-04-22,UC0GVHmLgrxE2SS8F0C19JVg,39321,267,6,34,128,0.0,15.1,232.23
2026-04-22,UC2IjY1Gm6b7pYp-vMJ2R9ig,63044,520,5,55,193,73.582,22.4,232.92
2026-04-22,UC77WdDKy6cbCxZkC46eaudA,13563,99,3,11,58,0.0,19.46,308.81
2026-04-22,UCIg97fCjw1HnS8vPqwiHLGA,94114,632,8,87,255,55.525,14.27,253.14
2026-04-22,UCP4STX85lq_fpEtvQcq_5fw,59666,355,6,54,182,35.96,21.31,158.8
2026-04-22,UCbnCFV5_c-nGiEQN1anEO5A,1104,4,0,5,4,0.874,9.52,111.54
2026-04-22,UCf3lAEw_WPtcgHMUVAunzSw,147175,638,6,151,342,34.461,13.44,170.15
2026-04-22,UChhBhc7qJ42rgzAIPe9z6Cg,6833,42,0,5,13,1.559,14.42,133.82
2026-04-22,UCk2O5vfW3c_W5YWQ_BoD1Ug,79573,369,7,43,207,0.0,14.55,163.35
2026-04-22,UCm3RYOItKT_P0-oRCkkSMZw,83103,778,13,128,288,95.118,18.33,367.95
2026-04-22,UCxxl4xdZZqRSSz2VfnFBhwA,69090,707,22,109,271,79.899,17.42,271.81
2026-04-23,UC0GVHmLgrxE2SS8F0C19JVg,45935,316,7,41,141,0.0,15.29,234.09
2026-04-23,UC2IjY1Gm6b7pYp-vMJ2R9ig,16726,165,0,11,30,14.171,56.79,91.7
2026-04-23,UC77WdDKy6cbCxZkC46eaudA,23466,154,0,21,67,0.0,18.07,265.73
2026-04-23,UCIg97fCjw1HnS8vPqwiHLGA,139410,755,11,125,422,78.381,17.28,260.04
2026-04-23,UCP4STX85lq_fpEtvQcq_5fw,173984,956,1,179,507,101.401,18.43,214.94
2026-04-23,UCbnCFV5_c-nGiEQN1anEO5A,880,5,1,4,8,1.1,10.93,139.3
2026-04-23,UCf3lAEw_WPtcgHMUVAunzSw,91178,473,4,88,229,28.856,14.17,185.76
2026-04-23,UChhBhc7qJ42rgzAIPe9z6Cg,22755,109,2,14,48,12.745,15.61,165.11
2026-04-23,UCk2O5vfW3c_W5YWQ_BoD1Ug,56522,354,1,48,178,0.0,16.04,206.22
2026-04-23,UCm3RYOItKT_P0-oRCkkSMZw,86518,745,12,100,283,84.918,17.7,351.38
2026-04-23,UCxxl4xdZZqRSSz2VfnFBhwA,76220,863,21,113,313,106.084,18.98,295.31
2026-04-24,UC0GVHmLgrxE2SS8F0C19JVg,38226,261,5,30,102,0.0,14.11,214.1
2026-04-24,UC2IjY1Gm6b7pYp-vMJ2R9ig,22244,190,7,9,62,39.257,19.8,244.26
2026-04-24,UC77WdDKy6cbCxZkC46eaudA,23285,125,5,9,56,0.0,16.44,266.05
2026-04-24,UCIg97fCjw1HnS8vPqwiHLGA,142056,886,9,123,343,83.322,17.11,260.75
2026-04-24,UCP4STX85lq_fpEtvQcq_5fw,176030,859,11,96,548,118.705,16.45,218.08
2026-04-24,UCbnCFV5_c-nGiEQN1anEO5A,1168,5,2,2,2,1.042,10.8,133.18
2026-04-24,UCf3lAEw_WPtcgHMUVAunzSw,85096,434,4,111,232,36.027,14.83,212.13
2026-04-24,UChhBhc7qJ42rgzAIPe9z6Cg,23018,104,2,19,62,14.749,13.76,167.68
2026-04-24,UCk2O5vfW3c_W5YWQ_BoD1Ug,48450,260,5,37,157,0.0,15.48,205.66
2026-04-24,UCm3RYOItKT_P0-oRCkkSMZw,87430,854,20,113,380,120.585,18.58,375.16
2026-04-24,UCxfDVRNK6SoN59v_t3ZJ33A,3,0,2,0,0,0.0,0.57,4.0
2026-04-24,UCxxl4xdZZqRSSz2VfnFBhwA,80989,882,17,124,348,115.009,18.98,297.39
2026-04-25,UC0GVHmLgrxE2SS8F0C19JVg,37017,290,9,25,137,0.0,15.46,231.18
2026-04-25,UC2IjY1Gm6b7pYp-vMJ2R9ig,24555,206,0,15,63,30.971,31.52,163.15
2026-04-25,UC77WdDKy6cbCxZkC46eaudA,44942,287,5,30,99,0.0,16.88,255.92
2026-04-25,UCIg97fCjw1HnS8vPqwiHLGA,105214,575,7,103,258,62.499,17.3,249.49
2026-04-25,UCP4STX85lq_fpEtvQcq_5fw,62799,307,4,43,229,31.571,13.51,219.92
2026-04-25,UCbnCFV5_c-nGiEQN1anEO5A,1356,10,0,3,14,1.883,10.49,134.29
2026-04-25,UCf3lAEw_WPtcgHMUVAunzSw,113918,510,0,129,294,29.053,12.44,167.68
2026-04-25,UChhBhc7qJ42rgzAIPe9z6Cg,3905,18,1,1,9,3.025,15.81,226.69
2026-04-25,UCk2O5vfW3c_W5YWQ_BoD1Ug,80456,404,6,55,208,0.0,15.42,179.79
2026-04-25,UCm3RYOItKT_P0-oRCkkSMZw,59039,544,7,59,258,93.868,20.43,409.84
2026-04-25,UCxfDVRNK6SoN59v_t3ZJ33A,268,2,0,0,1,0.0,12.08,93.08
2026-04-25,UCxxl4xdZZqRSSz2VfnFBhwA,11543,155,0,11,46,10.526,12.11,186.75
2026-04-26,UC0GVHmLgrxE2SS8F0C19JVg,57370,366,4,30,197,0.0,12.24,182.95
2026-04-26,UC2IjY1Gm6b7pYp-vMJ2R9ig,61979,518,4,61,172,88.289,29.21,218.19
2026-04-26,UC77WdDKy6cbCxZkC46eaudA,31090,170,3,13,61,0.0,18.07,281.3
2026-04-26,UCIg97fCjw1HnS8vPqwiHLGA,104537,596,12,94,260,85.176,17.06,265.55
2026-04-26,UCP4STX85lq_fpEtvQcq_5fw,350,4,0,0,0,0.104,11.94,101.0
2026-04-26,UCbnCFV5_c-nGiEQN1anEO5A,1236,4,0,1,8,1.395,8.86,110.68
2026-04-26,UCf3lAEw_WPtcgHMUVAunzSw,139378,565,12,116,365,53.672,13.81,194.66
2026-04-26,UChhBhc7qJ42rgzAIPe9z6Cg,4536,32,0,0,4,6.866,16.62,156.93
2026-04-26,UCk2O5vfW3c_W5YWQ_BoD1Ug,43917,273,4,18,153,0.0,17.29,218.29
2026-04-26,UCm3RYOItKT_P0-oRCkkSMZw,30238,285,8,29,171,48.697,19.95,409.76
2026-04-26,UCxfDVRNK6SoN59v_t3ZJ33A,45,2,2,0,0,0.0,13.46,102.73
2026-04-26,UCxxl4xdZZqRSSz2VfnFBhwA,92031,1000,19,110,404,127.172,20.49,325.39
2026-04-27,UC0GVHmLgrxE2SS8F0C19JVg,37614,254,6,39,144,0.0,13.17,194.01
2026-04-27,UC2IjY1Gm6b7pYp-vMJ2R9ig,48905,419,9,44,164,51.629,20.9,209.11
2026-04-27,UC77WdDKy6cbCxZkC46eaudA,88155,459,5,67,200,0.0,13.71,208.98
2026-04-27,UCIg97fCjw1HnS8vPqwiHLGA,66958,473,14,60,235,46.032,15.88,257.67
2026-04-27,UCbnCFV5_c-nGiEQN1anEO5A,938,4,1,2,5,1.651,10.25,126.42
2026-04-27,UCf3lAEw_WPtcgHMUVAunzSw,4940,32,0,4,16,2.53,13.26,196.39
2026-04-27,UChhBhc7qJ42rgzAIPe9z6Cg,46525,267,0,34,118,25.897,16.04,194.58
2026-04-27,UCk2O5vfW3c_W5YWQ_BoD1Ug,61427,375,3,62,231,40.498,16.31,207.76
2026-04-27,UCm3RYOItKT_P0-oRCkkSMZw,70273,642,10,76,301,129.687,19.54,382.48
2026-04-27,UCnwjt6PgkKuZC4S1A0yTOFQ,5,0,0,0,0,0.0,1.96,33.4
2026-04-27,UCxfDVRNK6SoN59v_t3ZJ33A,782,7,0,0,8,0.0,16.66,228.26
2026-04-27,UCxxl4xdZZqRSSz2VfnFBhwA,54050,607,4,97,248,64.431,19.22,302.75
2026-04-28,UC0GVHmLgrxE2SS8F0C19JVg,48003,372,5,48,141,0.0,13.38,186.81
2026-04-28,UC2IjY1Gm6b7pYp-vMJ2R9ig,29485,303,13,13,78,41.839,25.49,226.41
2026-04-28,UC77WdDKy6cbCxZkC46eaudA,62653,400,6,59,142,0.0,15.35,236.65
2026-04-28,UCIg97fCjw1HnS8vPqwiHLGA,80314,467,7,56,231,53.613,16.97,252.79
2026-04-28,UCP4STX85lq_fpEtvQcq_5fw,4553,26,0,0,10,2.96,31.15,84.69
2026-04-28,UCbnCFV5_c-nGiEQN1anEO5A,1665,4,1,3,8,2.025,9.41,120.7
2026-04-28,UCf3lAEw_WPtcgHMUVAunzSw,101278,368,7,99,242,33.346,14.1,191.91
2026-04-28,UChhBhc7qJ42rgzAIPe9z6Cg,3093,14,0,1,2,1.801,14.27,183.2
2026-04-28,UCk2O5vfW3c_W5YWQ_BoD1Ug,75511,453,13,92,227,51.125,16.21,203.89
2026-04-28,UCm3RYOItKT_P0-oRCkkSMZw,20927,222,2,23,53,40.319,17.83,257.26
2026-04-28,UCnwjt6PgkKuZC4S1A0yTOFQ,1505,27,0,0,4,0.0,43.0,27.04
2026-04-28,UCxfDVRNK6SoN59v_t3ZJ33A,612,8,0,0,2,0.0,17.49,243.11
2026-04-28,UCxxl4xdZZqRSSz2VfnFBhwA,65081,760,3,96,348,78.971,19.66,301.48
2026-04-29,UC0GVHmLgrxE2SS8F0C19JVg,57071,385,7,64,152,0.973,14.45,203.96
2026-04-29,UC2IjY1Gm6b7pYp-vMJ2R9ig,86878,612,6,60,264,108.343,15.29,232.34
2026-04-29,UC77WdDKy6cbCxZkC46eaudA,105485,496,10,91,196,0.0,14.23,197.13
2026-04-29,UCIg97fCjw1HnS8vPqwiHLGA,73040,433,8,60,207,54.327,18.8,257.2
2026-04-29,UCbnCFV5_c-nGiEQN1anEO5A,882,3,0,0,0,0.818,10.99,146.87
2026-04-29,UCf3lAEw_WPtcgHMUVAunzSw,20442,128,2,31,73,13.163,17.27,257.34
2026-04-29,UChhBhc7qJ42rgzAIPe9z6Cg,5115,26,1,2,18,3.081,15.29,189.62
2026-04-29,UCk2O5vfW3c_W5YWQ_BoD1Ug,127720,747,12,97,404,106.82,15.82,218.65
2026-04-29,UCm3RYOItKT_P0-oRCkkSMZw,64842,568,2,71,238,124.778,17.66,292.99
2026-04-29,UCnwjt6PgkKuZC4S1A0yTOFQ,1715,14,0,0,1,0.0,46.53,107.02
2026-04-29,UCsbnInDepLdq6o781WVZ-5g,23,0,0,0,0,0.0,15.36,196.0
2026-04-29,UCxfDVRNK6SoN59v_t3ZJ33A,5738,59,4,6,16,0.0,16.83,292.79
2026-04-29,UCxxl4xdZZqRSSz2VfnFBhwA,38529,375,6,59,173,48.267,18.02,296.74
2026-04-30,UC0GVHmLgrxE2SS8F0C19JVg,104811,971,33,62,312,99.792,36.37,175.65
2026-04-30,UC2IjY1Gm6b7pYp-vMJ2R9ig,100380,706,10,48,236,87.145,14.97,217.44
2026-04-30,UC77WdDKy6cbCxZkC46eaudA,77954,416,5,79,204,0.0,15.94,232.77
2026-04-30,UCIg97fCjw1HnS8vPqwiHLGA,4403,54,2,2,19,4.915,13.46,257.45
2026-04-30,UCP4STX85lq_fpEtvQcq_5fw,9460,54,2,7,20,10.399,19.22,178.56
2026-04-30,UCbnCFV5_c-nGiEQN1anEO5A,2004,6,3,4,8,3.43,11.93,153.1
2026-04-30,UCf3lAEw_WPtcgHMUVAunzSw,56046,277,2,39,137,14.243,14.36,193.01
2026-04-30,UChhBhc7qJ42rgzAIPe9z6Cg,37,2,0,0,0,0.002,8.16,79.68
2026-04-30,UCk2O5vfW3c_W5YWQ_BoD1Ug,133078,1022,30,117,421,161.337,21.1,258.08
2026-04-30,UCm3RYOItKT_P0-oRCkkSMZw,36840,330,4,46,131,73.991,18.6,316.79
2026-04-30,UCnwjt6PgkKuZC4S1A0yTOFQ,2600,32,1,1,13,0.0,45.38,142.94
2026-04-30,UCsbnInDepLdq6o781WVZ-5g,2217,21,0,0,9,0.0,13.17,168.39
2026-04-30,UCxfDVRNK6SoN59v_t3ZJ33A,16731,150,11,16,86,0.0,20.16,319.04
2026-04-30,UCxxl4xdZZqRSSz2VfnFBhwA,49080,563,12,86,257,55.944,19.66,303.57
2026-05-21,UC0GVHmLgrxE2SS8F0C19JVg,208,-1,0,0,0,0.339,34.06,116.88
2026-05-21,UC2IjY1Gm6b7pYp-vMJ2R9ig,1085906,5628,1,144,2089,722.286,13.35,170.65
2026-05-21,UC3WZLJlwYaCEurdUywF8ibg,1762709,8569,0,389,4285,0.0,17.94,238.06
2026-05-21,UC77WdDKy6cbCxZkC46eaudA,1989060,10717,0,1032,5163,1536.654,17.48,241.02
2026-05-21,UCAkSxwl8Lbk2hBXAAfsEFTA,4,0,0,0,0,0.0,34.06,34.0
2026-05-21,UCIg97fCjw1HnS8vPqwiHLGA,41697,278,3,0,133,30.548,14.03,189.58
2026-05-21,UCP4STX85lq_fpEtvQcq_5fw,879204,5470,130,391,1957,664.07,15.07,162.48
2026-05-21,UCZem4a64VnhfA4CBw9vM2bg,3544,67,4,3,20,0.0,27.23,139.71
2026-05-21,UCdtOFTQ1GVPKzvOYsi1ApIw,2732602,63339,748,0,1935,0.0,76.38,88.02
2026-05-21,UCf3lAEw_WPtcgHMUVAunzSw,262,0,0,0,0,0.0,100.54,126.08
2026-05-21,UChhBhc7qJ42rgzAIPe9z6Cg,936150,5320,0,810,3850,205.75,17.21,168.44
2026-05-21,UCm3RYOItKT_P0-oRCkkSMZw,261768,2228,0,141,1178,874.721,18.0,363.48
2026-05-21,UCnwjt6PgkKuZC4S1A0yTOFQ,101852,1064,14,3,259,247.403,17.88,215.5
2026-05-21,UCsbnInDepLdq6o781WVZ-5g,1156485,8643,129,774,3612,1183.962,19.25,326.0
2026-05-21,UCxfDVRNK6SoN59v_t3ZJ33A,67237,613,397,8,44,139.701,25.3,190.27
2026-05-21,UCxxl4xdZZqRSSz2VfnFBhwA,109264,854,2,147,317,117.356,78.53,164.45
2026-05-22,UC0GVHmLgrxE2SS8F0C19JVg,30124,244,4,28,68,56.908,17.71,251.09
2026-05-22,UC2IjY1Gm6b7pYp-vMJ2R9ig,68898,619,4,74,180,50.198,30.04,187.2
2026-05-22,UC3WZLJlwYaCEurdUywF8ibg,16081,86,2,11,59,0.0,18.25,239.84
2026-05-22,UC77WdDKy6cbCxZkC46eaudA,53898,332,3,68,120,70.465,16.98,249.77
2026-05-22,UC80LfoIH6FrzHTm6lXTWCKQ,2669,27,0,0,4,0.0,12.11,149.1
2026-05-22,UCAkSxwl8Lbk2hBXAAfsEFTA,6489,99,0,1,30,0.0,32.58,103.89
2026-05-22,UCIg97fCjw1HnS8vPqwiHLGA,35442,129,0,21,79,11.065,14.75,159.65
2026-05-22,UCMGKZD9ggu_Pfo4dkL47cXQ,17,0,0,0,1,0.0,8.86,143.53
2026-05-22,UCP4STX85lq_fpEtvQcq_5fw,105628,756,12,70,334,77.846,20.62,179.84
2026-05-22,UCZem4a64VnhfA4CBw9vM2bg,3814,70,3,3,30,0.0,16.08,254.58
2026-05-22,UCbnCFV5_c-nGiEQN1anEO5A,368,1,0,0,3,0.358,9.87,94.87
2026-05-22,UCdtOFTQ1GVPKzvOYsi1ApIw,6245,103,2,1,12,0.0,46.65,77.52
2026-05-22,UCf3lAEw_WPtcgHMUVAunzSw,145,4,0,0,0,0.005,23.12,22.92
2026-05-22,UChhBhc7qJ42rgzAIPe9z6Cg,1674,16,0,4,7,0.901,11.64,187.0
2026-05-22,UCk2O5vfW3c_W5YWQ_BoD1Ug,816585,25744,47,665,2304,59.786,37.26,65.81
2026-05-22,UCm3RYOItKT_P0-oRCkkSMZw,65932,256,0,34,165,32.072,15.14,180.23
2026-05-22,UCnwjt6PgkKuZC4S1A0yTOFQ,61764,592,13,65,149,112.363,17.34,268.62
2026-05-22,UCsbnInDepLdq6o781WVZ-5g,36243,210,4,14,88,33.583,24.96,204.03
2026-05-22,UCxfDVRNK6SoN59v_t3ZJ33A,21442,455,3,12,70,20.662,41.4,150.21
2026-05-22,UCxxl4xdZZqRSSz2VfnFBhwA,12049,100,1,11,44,14.71,21.07,210.85
2026-05-23,UC0GVHmLgrxE2SS8F0C19JVg,37815,311,6,43,93,66.785,18.6,258.09
2026-05-23,UC2IjY1Gm6b7pYp-vMJ2R9ig,50875,396,6,41,133,55.66,18.54,215.86
2026-05-23,UC3WZLJlwYaCEurdUywF8ibg,16842,112,1,9,50,0.0,17.93,216.83
2026-05-23,UC77WdDKy6cbCxZkC46eaudA,49550,288,2,42,125,58.402,15.89,238.38
2026-05-23,UC80LfoIH6FrzHTm6lXTWCKQ,2139,24,2,2,5,0.0,12.17,144.96
2026-05-23,UCAkSxwl8Lbk2hBXAAfsEFTA,6134,75,2,7,27,0.0,22.57,183.28
2026-05-23,UCIg97fCjw1HnS8vPqwiHLGA,27661,153,2,8,63,14.112,15.77,177.04
2026-05-23,UCMGKZD9ggu_Pfo4dkL47cXQ,5,1,0,0,0,0.0,0.63,17.4
2026-05-23,UCP4STX85lq_fpEtvQcq_5fw,363310,1792,0,231,1034,153.831,12.76,202.52
2026-05-23,UCZem4a64VnhfA4CBw9vM2bg,3440,59,3,2,23,0.0,15.31,268.99
2026-05-23,UCbnCFV5_c-nGiEQN1anEO5A,454,0,0,0,2,0.424,9.65,119.2
2026-05-23,UCdtOFTQ1GVPKzvOYsi1ApIw,6497,80,0,6,20,0.0,37.74,157.43
2026-05-23,UCf3lAEw_WPtcgHMUVAunzSw,710,9,0,3,1,1.27,43.32,104.32
2026-05-23,UChhBhc7qJ42rgzAIPe9z6Cg,51,8,0,0,0,0.009,17.18,106.18
2026-05-23,UCk2O5vfW3c_W5YWQ_BoD1Ug,614031,18303,58,538,1964,72.015,37.53,72.51
2026-05-23,UCm3RYOItKT_P0-oRCkkSMZw,7839,46,2,3,23,10.672,15.32,181.15
2026-05-23,UCnwjt6PgkKuZC4S1A0yTOFQ,42244,412,6,35,109,60.691,16.88,244.86
2026-05-23,UCsbnInDepLdq6o781WVZ-5g,37300,264,2,21,106,35.086,14.69,210.76
2026-05-23,UCxfDVRNK6SoN59v_t3ZJ33A,24323,503,7,19,65,23.104,43.48,153.49
2026-05-23,UCxxl4xdZZqRSSz2VfnFBhwA,1670,16,0,1,9,1.629,22.46,141.54
2026-05-24,UC0GVHmLgrxE2SS8F0C19JVg,29331,247,2,32,60,55.872,18.53,257.96
2026-05-24,UC2IjY1Gm6b7pYp-vMJ2R9ig,67608,488,4,44,233,68.142,15.59,220.43
2026-05-24,UC3WZLJlwYaCEurdUywF8ibg,17319,131,2,13,62,0.0,18.15,229.34
2026-05-24,UC77WdDKy6cbCxZkC46eaudA,37309,215,6,28,85,52.01,16.83,253.39
2026-05-24,UC80LfoIH6FrzHTm6lXTWCKQ,12522,111,3,16,61,0.0,12.28,167.99
2026-05-24,UC8Fm-ogvMehvbgF0BJjKiuQ,1087,33,0,1,5,0.0,53.86,36.0
2026-05-24,UCAkSxwl8Lbk2hBXAAfsEFTA,12269,123,0,9,74,0.0,17.22,244.4
2026-05-24,UCEFB0gMdnD1NyiZaedHg2hQ,1473,15,0,9,9,0.0,14.65,241.0
2026-05-24,UCHONLLEtQ4f9yoqa1BWlhSg,275,2,0,1,0,0.0,17.38,213.0
2026-05-24,UCIg97fCjw1HnS8vPqwiHLGA,31138,143,1,4,85,13.333,13.95,152.44
2026-05-24,UCMGKZD9ggu_Pfo4dkL47cXQ,7984,84,4,9,41,0.0,10.98,219.27
2026-05-24,UCP4STX85lq_fpEtvQcq_5fw,96955,488,2,78,419,33.454,9.58,205.02
2026-05-24,UCZem4a64VnhfA4CBw9vM2bg,19588,247,4,35,92,0.0,16.98,296.55
2026-05-24,UCbnCFV5_c-nGiEQN1anEO5A,315,2,0,0,0,0.357,8.0,89.3
2026-05-24,UCdtOFTQ1GVPKzvOYsi1ApIw,16085,263,12,6,64,0.0,30.49,173.17
2026-05-24,UCf3lAEw_WPtcgHMUVAunzSw,26505,155,0,20,60,8.407,20.01,159.6
2026-05-24,UChhBhc7qJ42rgzAIPe9z6Cg,97,0,0,0,0,0.139,14.42,148.14
2026-05-24,UCk2O5vfW3c_W5YWQ_BoD1Ug,461174,12741,34,399,1456,60.674,36.77,81.44
2026-05-24,UCm3RYOItKT_P0-oRCkkSMZw,53141,264,0,30,142,30.902,15.12,177.82
2026-05-24,UCnwjt6PgkKuZC4S1A0yTOFQ,103636,1094,30,142,422,168.541,16.75,297.41
2026-05-24,UCsbnInDepLdq6o781WVZ-5g,26704,207,3,9,72,27.952,26.68,210.35
2026-05-24,UCxfDVRNK6SoN59v_t3ZJ33A,19830,372,3,16,52,23.389,34.97,169.81
2026-05-24,UCxxl4xdZZqRSSz2VfnFBhwA,15296,135,4,22,88,17.855,13.2,192.8
2026-05-25,UC0GVHmLgrxE2SS8F0C19JVg,24711,200,4,29,58,49.202,20.13,266.35
2026-05-25,UC2IjY1Gm6b7pYp-vMJ2R9ig,66253,537,14,59,203,67.212,21.99,203.34
2026-05-25,UC3WZLJlwYaCEurdUywF8ibg,17327,99,1,13,56,0.0,17.74,249.41
2026-05-25,UC77WdDKy6cbCxZkC46eaudA,35689,230,6,18,91,43.6,15.48,230.9
2026-05-25,UC80LfoIH6FrzHTm6lXTWCKQ,13791,128,2,16,61,0.0,12.54,171.29
2026-05-25,UC8Fm-ogvMehvbgF0BJjKiuQ,995,25,0,0,5,0.0,51.17,32.24
2026-05-25,UCAkSxwl8Lbk2hBXAAfsEFTA,20128,265,7,17,100,0.0,27.43,207.4
2026-05-25,UCEFB0gMdnD1NyiZaedHg2hQ,2388,24,0,0,12,0.0,13.68,225.0
2026-05-25,UCIg97fCjw1HnS8vPqwiHLGA,23071,112,6,18,53,11.562,15.81,167.46
2026-05-25,UCMGKZD9ggu_Pfo4dkL47cXQ,13835,136,3,22,53,0.0,11.86,230.64
2026-05-25,UCZem4a64VnhfA4CBw9vM2bg,28906,313,9,30,127,0.0,17.27,315.99
2026-05-25,UCbnCFV5_c-nGiEQN1anEO5A,480,1,0,2,0,0.567,11.44,123.11
2026-05-25,UCdtOFTQ1GVPKzvOYsi1ApIw,18564,331,10,15,64,0.0,34.68,166.51
2026-05-25,UCf3lAEw_WPtcgHMUVAunzSw,4529,35,0,6,11,1.06,28.55,146.55
2026-05-25,UChhBhc7qJ42rgzAIPe9z6Cg,1155,22,0,0,7,0.562,19.58,101.5
2026-05-25,UCk2O5vfW3c_W5YWQ_BoD1Ug,334470,8832,16,258,1034,46.525,38.67,77.53
2026-05-25,UCm3RYOItKT_P0-oRCkkSMZw,799,3,0,0,4,2.047,13.77,155.96
2026-05-25,UCnwjt6PgkKuZC4S1A0yTOFQ,106449,1096,35,109,355,181.137,16.09,300.51
2026-05-25,UCsbnInDepLdq6o781WVZ-5g,24120,182,5,13,66,29.112,15.79,236.51
2026-05-25,UCxfDVRNK6SoN59v_t3ZJ33A,25164,464,19,13,86,30.236,30.19,179.73
2026-05-25,UCxxl4xdZZqRSSz2VfnFBhwA,5744,37,2,6,12,8.814,16.26,219.34
2026-05-26,UC0GVHmLgrxE2SS8F0C19JVg,38016,344,12,22,82,87.054,19.97,294.67
2026-05-26,UC2IjY1Gm6b7pYp-vMJ2R9ig,88033,667,9,56,233,52.499,39.4,164.11
2026-05-26,UC3WZLJlwYaCEurdUywF8ibg,10028,63,2,3,45,0.0,17.47,249.67
2026-05-26,UC77WdDKy6cbCxZkC46eaudA,64190,350,1,50,140,51.422,14.22,214.79
2026-05-26,UC80LfoIH6FrzHTm6lXTWCKQ,17555,220,1,14,70,0.0,13.97,195.26
2026-05-26,UC8Fm-ogvMehvbgF0BJjKiuQ,4540,149,0,4,20,0.0,84.79,56.53
2026-05-26,UCAkSxwl8Lbk2hBXAAfsEFTA,17233,276,5,25,87,0.0,34.39,167.09
2026-05-26,UCHONLLEtQ4f9yoqa1BWlhSg,292,2,0,0,0,0.0,10.03,162.0
2026-05-26,UCIg97fCjw1HnS8vPqwiHLGA,16295,131,0,11,41,7.222,25.51,152.23
2026-05-26,UCMGKZD9ggu_Pfo4dkL47cXQ,13912,122,1,16,54,0.0,11.78,208.91
2026-05-26,UCZem4a64VnhfA4CBw9vM2bg,44069,605,9,51,189,0.0,16.29,305.98
2026-05-26,UCbnCFV5_c-nGiEQN1anEO5A,314,2,0,0,0,0.993,14.96,161.1
2026-05-26,UCdtOFTQ1GVPKzvOYsi1ApIw,22775,421,20,10,54,0.0,49.23,129.43
2026-05-26,UCf3lAEw_WPtcgHMUVAunzSw,197,0,0,0,0,0.003,72.95,58.43
2026-05-26,UChhBhc7qJ42rgzAIPe9z6Cg,40567,209,0,20,132,11.133,25.88,135.92
2026-05-26,UCk2O5vfW3c_W5YWQ_BoD1Ug,76185,2605,9,62,334,15.672,57.91,55.14
2026-05-26,UCm3RYOItKT_P0-oRCkkSMZw,84322,750,16,104,236,144.887,18.61,315.97
2026-05-26,UCnwjt6PgkKuZC4S1A0yTOFQ,53221,500,12,51,167,102.719,18.45,322.13
2026-05-26,UCsbnInDepLdq6o781WVZ-5g,25683,198,1,36,103,25.882,14.79,214.25
2026-05-26,UCxfDVRNK6SoN59v_t3ZJ33A,22974,413,16,11,81,21.835,30.94,164.64
2026-05-26,UCxxl4xdZZqRSSz2VfnFBhwA,15301,192,3,14,59,22.859,21.88,192.38
2026-05-27,UC0GVHmLgrxE2SS8F0C19JVg,59189,663,8,65,146,129.45,18.41,295.14
2026-05-27,UC2IjY1Gm6b7pYp-vMJ2R9ig,53454,412,11,65,163,58.454,26.49,217.81
2026-05-27,UC3WZLJlwYaCEurdUywF8ibg,10759,52,0,9,30,0.0,16.64,246.27
2026-05-27,UC77WdDKy6cbCxZkC46eaudA,76820,402,5,53,194,64.88,14.78,232.65
2026-05-27,UC80LfoIH6FrzHTm6lXTWCKQ,33197,264,21,46,133,0.0,13.08,183.01
2026-05-27,UC8Fm-ogvMehvbgF0BJjKiuQ,18654,604,1,1,80,0.0,86.35,58.45
2026-05-27,UCAkSxwl8Lbk2hBXAAfsEFTA,28539,423,8,17,122,0.0,35.69,169.97
2026-05-27,UCEFB0gMdnD1NyiZaedHg2hQ,621,3,0,0,4,0.0,13.47,221.78
2026-05-27,UCIg97fCjw1HnS8vPqwiHLGA,20201,281,2,9,63,9.222,38.22,150.09
2026-05-27,UCMGKZD9ggu_Pfo4dkL47cXQ,28096,301,4,20,90,0.0,12.21,231.95
2026-05-27,UCP4STX85lq_fpEtvQcq_5fw,1586,8,0,1,4,1.432,12.03,205.0
2026-05-27,UCZem4a64VnhfA4CBw9vM2bg,51349,804,11,82,232,0.0,14.23,257.87
2026-05-27,UCbnCFV5_c-nGiEQN1anEO5A,279,3,0,0,0,0.353,12.56,153.2
2026-05-27,UCdtOFTQ1GVPKzvOYsi1ApIw,100121,2473,16,39,200,0.0,71.08,95.3
2026-05-27,UCf3lAEw_WPtcgHMUVAunzSw,13950,182,2,13,23,3.953,41.54,113.22
2026-05-27,UCk2O5vfW3c_W5YWQ_BoD1Ug,266373,7275,28,199,918,32.691,43.58,75.79
2026-05-27,UCm3RYOItKT_P0-oRCkkSMZw,10098,41,1,5,11,8.345,16.26,111.97
2026-05-27,UCnwjt6PgkKuZC4S1A0yTOFQ,34896,197,5,27,105,39.045,14.64,241.32
2026-05-27,UCsbnInDepLdq6o781WVZ-5g,23967,182,2,11,76,27.185,14.86,235.48
2026-05-27,UCxfDVRNK6SoN59v_t3ZJ33A,17777,292,12,8,44,13.255,32.82,130.69
2026-05-27,UCxxl4xdZZqRSSz2VfnFBhwA,6516,110,0,5,29,4.572,22.74,142.74
2026-05-28,UC0GVHmLgrxE2SS8F0C19JVg,36503,331,10,28,94,88.384,19.11,296.41
2026-05-28,UC2IjY1Gm6b7pYp-vMJ2R9ig,37594,334,2,24,113,42.108,25.32,199.09
2026-05-28,UC3WZLJlwYaCEurdUywF8ibg,10895,63,4,7,32,0.0,17.92,274.98
2026-05-28,UC77WdDKy6cbCxZkC46eaudA,54837,324,9,21,127,41.428,15.2,231.76
2026-05-28,UC80LfoIH6FrzHTm6lXTWCKQ,27797,249,1,31,109,0.0,12.91,173.1
2026-05-28,UC8Fm-ogvMehvbgF0BJjKiuQ,14787,263,2,2,52,0.0,76.81,51.83
2026-05-28,UCAkSxwl8Lbk2hBXAAfsEFTA,23279,387,4,20,122,0.0,32.42,206.34
2026-05-28,UCEFB0gMdnD1NyiZaedHg2hQ,1088,12,0,2,6,0.0,13.23,217.85
2026-05-28,UCIg97fCjw1HnS8vPqwiHLGA,14994,158,0,6,51,8.338,32.64,165.64
2026-05-28,UCL_RZ1IidYQkVQxfimfnPSQ,343,4,0,0,0,0.316,5.02,57.0
2026-05-28,UCMGKZD9ggu_Pfo4dkL47cXQ,8488,78,1,4,30,0.0,11.84,183.83
2026-05-28,UCZem4a64VnhfA4CBw9vM2bg,44724,672,13,71,169,0.0,14.19,264.57
2026-05-28,UCbnCFV5_c-nGiEQN1anEO5A,387,2,0,0,1,0.919,11.95,128.21
2026-05-28,UCctSzoeee7KCnR84dZ6IO7w,1492,15,0,1,2,0.0,46.2,43.31
2026-05-28,UCdtOFTQ1GVPKzvOYsi1ApIw,307831,5610,19,88,454,0.0,69.52,79.09
2026-05-28,UCf3lAEw_WPtcgHMUVAunzSw,17074,266,2,6,47,3.02,61.49,72.44
2026-05-28,UChhBhc7qJ42rgzAIPe9z6Cg,1,0,0,0,0,0.0,0.0,0.0
2026-05-28,UCk2O5vfW3c_W5YWQ_BoD1Ug,275114,6878,15,242,981,47.036,38.22,91.5
2026-05-28,UCm3RYOItKT_P0-oRCkkSMZw,10018,64,0,4,14,11.878,14.79,161.31
2026-05-28,UCnwjt6PgkKuZC4S1A0yTOFQ,95226,1002,24,118,307,150.968,19.23,301.08
2026-05-28,UCsbnInDepLdq6o781WVZ-5g,13815,107,2,20,37,15.612,18.1,233.59
2026-05-28,UCxfDVRNK6SoN59v_t3ZJ33A,18449,498,11,8,46,11.673,39.57,122.99
2026-05-28,UCxxl4xdZZqRSSz2VfnFBhwA,13692,158,6,9,75,17.436,19.82,189.92
2026-05-29,UC0GVHmLgrxE2SS8F0C19JVg,33203,318,7,35,84,82.897,21.49,304.9
2026-05-29,UC2IjY1Gm6b7pYp-vMJ2R9ig,272716,3814,46,183,682,86.062,55.2,99.3
2026-05-29,UC3WZLJlwYaCEurdUywF8ibg,11631,78,4,10,42,0.0,17.59,270.19
2026-05-29,UC77WdDKy6cbCxZkC46eaudA,63238,318,8,46,160,57.795,15.89,247.81
2026-05-29,UC80LfoIH6FrzHTm6lXTWCKQ,20850,233,0,17,83,0.0,11.76,163.22
2026-05-29,UC8Fm-ogvMehvbgF0BJjKiuQ,99432,1172,4,8,164,0.0,64.21,43.26
2026-05-29,UCAkSxwl8Lbk2hBXAAfsEFTA,34609,447,8,24,128,0.0,28.19,207.96
2026-05-29,UCEFB0gMdnD1NyiZaedHg2hQ,2,0,0,0,0,0.0,1.38,20.0
2026-05-29,UCIg97fCjw1HnS8vPqwiHLGA,17759,137,1,8,70,12.432,20.05,176.89
2026-05-29,UCMGKZD9ggu_Pfo4dkL47cXQ,10895,113,2,12,38,0.0,12.3,239.24
2026-05-29,UCZem4a64VnhfA4CBw9vM2bg,74654,1320,13,92,306,0.0,14.92,259.15
2026-05-29,UCbnCFV5_c-nGiEQN1anEO5A,245,4,0,0,5,0.512,12.49,137.09
2026-05-29,UCctSzoeee7KCnR84dZ6IO7w,421,1,0,0,0,0.0,60.39,36.27
2026-05-29,UCdtOFTQ1GVPKzvOYsi1ApIw,60019,1341,14,31,139,0.0,62.69,121.1
2026-05-29,UCf3lAEw_WPtcgHMUVAunzSw,127,-1,0,0,0,0.007,75.48,13.16
2026-05-29,UCk2O5vfW3c_W5YWQ_BoD1Ug,511877,14945,34,371,1760,71.408,38.63,78.71
2026-05-29,UCm3RYOItKT_P0-oRCkkSMZw,309363,1731,33,193,619,272.226,12.7,192.26
2026-05-29,UCnwjt6PgkKuZC4S1A0yTOFQ,18954,247,5,18,46,34.96,22.48,280.0
2026-05-29,UCsbnInDepLdq6o781WVZ-5g,22899,196,2,17,80,18.543,14.57,200.58
2026-05-29,UCxfDVRNK6SoN59v_t3ZJ33A,20667,310,12,13,68,22.19,28.48,178.81
2026-05-29,UCxxl4xdZZqRSSz2VfnFBhwA,14067,136,6,19,67,21.466,13.86,192.04
2026-05-30,UC0GVHmLgrxE2SS8F0C19JVg,57741,374,8,34,151,151.425,21.07,299.58
2026-05-30,UC2IjY1Gm6b7pYp-vMJ2R9ig,207432,4702,49,212,555,88.87,52.71,112.54
2026-05-30,UC3WZLJlwYaCEurdUywF8ibg,11470,43,0,2,27,0.0,18.28,288.27
2026-05-30,UC77WdDKy6cbCxZkC46eaudA,60195,377,4,46,166,63.159,16.49,250.36
2026-05-30,UC80LfoIH6FrzHTm6lXTWCKQ,34924,373,2,64,148,0.0,12.57,176.61
2026-05-30,UC8Fm-ogvMehvbgF0BJjKiuQ,29135,232,2,2,31,0.0,62.95,48.06
2026-05-30,UCAkSxwl8Lbk2hBXAAfsEFTA,44253,818,5,20,199,0.0,35.23,177.03
2026-05-30,UCEFB0gMdnD1NyiZaedHg2hQ,941,11,0,0,9,0.0,12.02,197.57
2026-05-30,UCHONLLEtQ4f9yoqa1BWlhSg,2686,16,1,0,8,3.86,16.1,230.29
2026-05-30,UCIg97fCjw1HnS8vPqwiHLGA,26474,254,8,18,71,19.18,16.87,203.54
2026-05-30,UCL_RZ1IidYQkVQxfimfnPSQ,5,0,0,0,0,0.001,90.1,48.0
2026-05-30,UCMGKZD9ggu_Pfo4dkL47cXQ,19168,129,4,13,65,0.0,11.68,176.7
2026-05-30,UCP4STX85lq_fpEtvQcq_5fw,68,1,0,0,0,0.111,14.96,180.12
2026-05-30,UCZem4a64VnhfA4CBw9vM2bg,82872,1319,29,89,326,0.0,18.84,244.87
2026-05-30,UCbnCFV5_c-nGiEQN1anEO5A,1058,0,0,0,3,1.4,6.21,80.3
2026-05-30,UCctSzoeee7KCnR84dZ6IO7w,130,0,0,0,0,0.0,3.59,68.0
2026-05-30,UCdtOFTQ1GVPKzvOYsi1ApIw,199779,3707,21,39,565,0.0,70.83,125.32
2026-05-30,UCk2O5vfW3c_W5YWQ_BoD1Ug,658828,19599,44,412,2273,88.25,41.02,75.34
2026-05-30,UCnwjt6PgkKuZC4S1A0yTOFQ,106337,1129,27,116,375,155.318,20.93,298.53
2026-05-30,UCsbnInDepLdq6o781WVZ-5g,16346,132,0,14,47,16.429,14.95,210.53
2026-05-30,UCxfDVRNK6SoN59v_t3ZJ33A,29008,627,13,25,128,20.823,43.46,161.77
2026-05-30,UCxxl4xdZZqRSSz2VfnFBhwA,25560,250,3,19,90,32.435,14.05,194.62
2026-05-31,UC0GVHmLgrxE2SS8F0C19JVg,16354,146,5,6,49,35.464,21.65,268.38
2026-05-31,UC2IjY1Gm6b7pYp-vMJ2R9ig,209292,2928,62,142,464,136.143,36.02,139.4
2026-05-31,UC3WZLJlwYaCEurdUywF8ibg,21365,109,2,15,50,0.0,17.67,280.48
2026-05-31,UC77WdDKy6cbCxZkC46eaudA,139236,801,8,81,348,101.156,15.0,221.88
2026-05-31,UC80LfoIH6FrzHTm6lXTWCKQ,134309,1270,27,108,502,0.0,14.6,198.44
2026-05-31,UC8Fm-ogvMehvbgF0BJjKiuQ,876,-3,0,6,5,0.0,21.36,228.27
2026-05-31,UCAkSxwl8Lbk2hBXAAfsEFTA,59023,929,24,29,227,0.0,35.85,196.08
2026-05-31,UCHONLLEtQ4f9yoqa1BWlhSg,11626,105,4,1,15,13.276,47.57,163.35
2026-05-31,UCIg97fCjw1HnS8vPqwiHLGA,188,3,0,0,1,0.35,10.22,168.79
2026-05-31,UCL_RZ1IidYQkVQxfimfnPSQ,15701,135,4,11,91,7.743,22.01,129.11
2026-05-31,UCMGKZD9ggu_Pfo4dkL47cXQ,20755,116,1,23,65,0.0,12.76,229.13
2026-05-31,UCP4STX85lq_fpEtvQcq_5fw,5193,31,2,4,12,6.37,15.13,196.59
2026-05-31,UCZem4a64VnhfA4CBw9vM2bg,106428,1589,61,130,382,0.0,15.16,261.88
2026-05-31,UCbnCFV5_c-nGiEQN1anEO5A,190,1,0,0,1,0.067,8.56,105.77
2026-05-31,UCctSzoeee7KCnR84dZ6IO7w,3677,8,0,0,10,0.0,61.21,59.76
2026-05-31,UCdtOFTQ1GVPKzvOYsi1ApIw,1404,13,0,0,5,0.0,16.05,148.22
2026-05-31,UChhBhc7qJ42rgzAIPe9z6Cg,4,0,0,0,0,0.0,41.61,22.5
2026-05-31,UCk2O5vfW3c_W5YWQ_BoD1Ug,375870,9976,22,259,1237,47.263,42.13,68.99
2026-05-31,UCm3RYOItKT_P0-oRCkkSMZw,12,0,0,0,0,0.002,18.95,185.0
2026-05-31,UCnwjt6PgkKuZC4S1A0yTOFQ,1625,14,0,4,5,0.852,14.64,221.23
2026-05-31,UCsbnInDepLdq6o781WVZ-5g,42569,268,5,22,163,32.716,12.95,200.01
2026-05-31,UCxfDVRNK6SoN59v_t3ZJ33A,42784,989,56,36,93,24.952,43.56,128.72
2026-05-31,UCxxl4xdZZqRSSz2VfnFBhwA,820,5,0,2,2,1.28,15.13,204.34
2026-06-26,UC80LfoIH6FrzHTm6lXTWCKQ,123841,2927,1,3,425,205.479,12.08,111.35
2026-06-26,UCMGKZD9ggu_Pfo4dkL47cXQ,32791,217,3,27,88,47.418,29.64,165.43
2026-06-26,UCT7ZxKrKqxBvAODr8h_ODkA,8045,68,0,0,17,0.0,64.49,92.48
2026-06-26,UCZem4a64VnhfA4CBw9vM2bg,1384070,18736,52,917,1175,2564.913,30.35,144.79
2026-06-26,UCctSzoeee7KCnR84dZ6IO7w,2459,34,1,7,12,5.72,19.45,273.1
2026-06-26,UCeVTtB1kN607CxFrFkiqjgQ,16913,119,3,15,53,0.0,11.62,199.3
2026-06-26,UCf3lAEw_WPtcgHMUVAunzSw,7494,154,0,4,31,1.716,53.39,79.23
2026-06-26,UChhBhc7qJ42rgzAIPe9z6Cg,1206048,11017,0,1224,2448,438.6,14.05,163.15
2026-06-26,UCk2O5vfW3c_W5YWQ_BoD1Ug,108444004,2226168,8164,82836,216279,18174.692,54.64,74.23
2026-06-26,UCm3RYOItKT_P0-oRCkkSMZw,86108,501,4,66,283,46.917,20.98,163.25
2026-06-26,UCnwjt6PgkKuZC4S1A0yTOFQ,72577,992,9,89,269,80.352,27.94,255.27
2026-06-26,UCxfDVRNK6SoN59v_t3ZJ33A,23145,214,3,19,84,27.209,21.0,213.27
2026-06-27,UC01rTYtA_UsuZ5wzxnyHFcg,2,0,0,0,0,0.0,0.0,0.0
2026-06-27,UC0GVHmLgrxE2SS8F0C19JVg,27069,516,5,15,42,37.023,54.69,126.72
2026-06-27,UC2IjY1Gm6b7pYp-vMJ2R9ig,129676,829,24,77,355,90.15,15.82,169.42
2026-06-27,UC3WZLJlwYaCEurdUywF8ibg,12590,106,9,8,68,0.0,18.02,281.52
2026-06-27,UC49-b-BhbYoG54YNkwmzg8w,566,9,0,1,3,0.0,25.7,178.22
2026-06-27,UC77WdDKy6cbCxZkC46eaudA,43490,402,9,40,131,44.001,21.43,218.21
2026-06-27,UC80LfoIH6FrzHTm6lXTWCKQ,39738,436,3,50,149,55.781,16.47,183.55
2026-06-27,UC82nFsZOjs5Tr96upPPq9Ww,78380,739,18,82,300,0.0,18.7,303.29
2026-06-27,UC8Fm-ogvMehvbgF0BJjKiuQ,6698,99,2,3,18,0.0,24.2,178.67
2026-06-27,UCAkSxwl8Lbk2hBXAAfsEFTA,87750,582,6,47,111,217.519,15.82,151.87
2026-06-27,UCEFB0gMdnD1NyiZaedHg2hQ,6320,158,4,0,4,1.596,82.09,32.01
2026-06-27,UCHONLLEtQ4f9yoqa1BWlhSg,51,0,0,0,0,0.047,8.87,170.0
2026-06-27,UCIg97fCjw1HnS8vPqwiHLGA,8677,55,0,7,19,0.866,25.19,204.13
2026-06-27,UCL_RZ1IidYQkVQxfimfnPSQ,110065,363,1,7,77,7.326,103.4,20.58
2026-06-27,UCMGKZD9ggu_Pfo4dkL47cXQ,22793,172,6,8,75,31.852,38.24,168.24
2026-06-27,UCSlOhfr5f-RPRP50yRri1uA,17568,153,3,11,111,0.0,22.92,172.44
2026-06-27,UCT7ZxKrKqxBvAODr8h_ODkA,4514,42,0,1,1,0.0,40.11,29.53
2026-06-27,UCZem4a64VnhfA4CBw9vM2bg,152432,4405,35,101,271,125.738,51.98,109.11
2026-06-27,UCbnCFV5_c-nGiEQN1anEO5A,342,2,0,0,0,0.2,7.07,74.55
2026-06-27,UCctSzoeee7KCnR84dZ6IO7w,7494,83,0,5,29,11.622,24.45,199.45
2026-06-27,UCdtOFTQ1GVPKzvOYsi1ApIw,34723,544,5,14,68,18.0,60.77,111.79
2026-06-27,UCeVTtB1kN607CxFrFkiqjgQ,17350,141,3,14,59,0.0,14.2,238.64
2026-06-27,UCk2O5vfW3c_W5YWQ_BoD1Ug,231168,4767,11,151,487,29.744,53.5,58.18
2026-06-27,UCm3RYOItKT_P0-oRCkkSMZw,306679,1871,8,248,988,144.436,18.41,173.48
2026-06-27,UCnwjt6PgkKuZC4S1A0yTOFQ,29263,499,2,39,88,15.612,40.2,174.23
2026-06-27,UCsbnInDepLdq6o781WVZ-5g,21203,363,4,26,81,7.404,49.07,102.07
2026-06-27,UCxfDVRNK6SoN59v_t3ZJ33A,23154,253,5,17,105,28.762,23.01,210.67
2026-06-27,UCxhHKduxLRNAOC_GUHPPf1Q,5774,104,0,6,12,0.0,48.26,63.27
2026-06-27,UCxxl4xdZZqRSSz2VfnFBhwA,24955,487,8,7,54,31.663,62.25,111.24
2026-06-28,UC01rTYtA_UsuZ5wzxnyHFcg,0,0,0,0,0,0.0,0.0,0.0
2026-06-28,UC0GVHmLgrxE2SS8F0C19JVg,62489,1260,9,66,158,105.49,46.47,170.47
2026-06-28,UC2IjY1Gm6b7pYp-vMJ2R9ig,121041,633,14,52,263,101.09,15.31,162.63
2026-06-28,UC3WZLJlwYaCEurdUywF8ibg,29047,208,6,14,118,0.0,18.52,293.68
2026-06-28,UC77WdDKy6cbCxZkC46eaudA,63865,462,4,66,223,67.322,16.16,246.39
2026-06-28,UC80LfoIH6FrzHTm6lXTWCKQ,35233,335,2,17,115,62.706,12.77,212.54
2026-06-28,UC82nFsZOjs5Tr96upPPq9Ww,81434,818,8,77,328,0.0,19.02,299.1
2026-06-28,UC8Fm-ogvMehvbgF0BJjKiuQ,10576,174,0,6,34,0.0,30.01,160.03
2026-06-28,UC8gDq5ENmiVuJZIVsiZbQ8g,4,0,0,0,0,0.0,84.5,50.0
2026-06-28,UCAkSxwl8Lbk2hBXAAfsEFTA,19910,204,8,21,56,27.107,21.34,172.38
2026-06-28,UCEFB0gMdnD1NyiZaedHg2hQ,5119,139,0,0,10,0.904,87.32,28.38
2026-06-28,UCIg97fCjw1HnS8vPqwiHLGA,30132,209,8,12,80,12.656,22.05,192.82
2026-06-28,UCMGKZD9ggu_Pfo4dkL47cXQ,61586,391,2,29,179,99.596,27.15,179.84
2026-06-28,UCSlOhfr5f-RPRP50yRri1uA,26186,237,19,9,70,0.0,51.37,110.77
2026-06-28,UCT7ZxKrKqxBvAODr8h_ODkA,1099,3,0,1,0,0.0,72.37,20.45
2026-06-28,UCZem4a64VnhfA4CBw9vM2bg,196823,4602,16,87,260,136.85,53.89,91.31
2026-06-28,UCbnCFV5_c-nGiEQN1anEO5A,281,2,0,0,8,0.148,8.88,63.15
2026-06-28,UCctSzoeee7KCnR84dZ6IO7w,11845,110,1,3,43,21.414,21.06,201.72
2026-06-28,UCdtOFTQ1GVPKzvOYsi1ApIw,2981,43,4,4,21,4.81,15.91,313.93
2026-06-28,UCeVTtB1kN607CxFrFkiqjgQ,16713,134,3,12,56,0.0,14.49,236.54
2026-06-28,UCf3lAEw_WPtcgHMUVAunzSw,9,0,0,0,0,0.001,57.71,54.0
2026-06-28,UCk2O5vfW3c_W5YWQ_BoD1Ug,266048,5199,18,166,509,31.039,50.37,57.12
2026-06-28,UCm3RYOItKT_P0-oRCkkSMZw,102,0,0,0,0,0.002,72.18,11.0
2026-06-28,UCnwjt6PgkKuZC4S1A0yTOFQ,393516,3930,55,572,1473,347.159,24.94,351.47
2026-06-28,UCvfQU0Npb-ve-LxUlaAN1GA,562,0,0,0,0,0.0,0.76,59.55
2026-06-28,UCxfDVRNK6SoN59v_t3ZJ33A,19263,209,12,12,75,22.638,25.86,214.92
2026-06-28,UCxhHKduxLRNAOC_GUHPPf1Q,24234,318,0,20,41,0.0,47.27,53.26
2026-06-28,UCxxl4xdZZqRSSz2VfnFBhwA,29160,399,0,11,51,13.209,72.46,75.15
2026-06-29,UC0GVHmLgrxE2SS8F0C19JVg,100755,1551,20,76,191,188.238,44.29,179.47
2026-06-29,UC2IjY1Gm6b7pYp-vMJ2R9ig,311826,1699,41,144,800,283.511,16.84,164.81
2026-06-29,UC49-b-BhbYoG54YNkwmzg8w,589,7,1,2,4,0.0,16.84,181.34
2026-06-29,UC77WdDKy6cbCxZkC46eaudA,41936,298,9,18,159,44.047,16.18,237.88
2026-06-29,UC80LfoIH6FrzHTm6lXTWCKQ,30756,480,3,40,102,44.636,18.19,156.29
2026-06-29,UC82nFsZOjs5Tr96upPPq9Ww,130840,1252,38,169,503,0.0,20.8,333.15
2026-06-29,UC8Fm-ogvMehvbgF0BJjKiuQ,6371,96,0,6,20,0.0,32.89,150.68
2026-06-29,UCAkSxwl8Lbk2hBXAAfsEFTA,63801,398,6,20,123,241.615,15.61,174.95
2026-06-29,UCHONLLEtQ4f9yoqa1BWlhSg,1378,20,0,0,0,0.18,74.1,45.85
2026-06-29,UCIg97fCjw1HnS8vPqwiHLGA,3156,32,0,2,5,1.265,24.11,236.57
2026-06-29,UCMGKZD9ggu_Pfo4dkL47cXQ,60612,376,13,45,160,101.103,27.06,185.51
2026-06-29,UCP4STX85lq_fpEtvQcq_5fw,42618,196,2,44,141,24.503,20.92,203.02
2026-06-29,UCSlOhfr5f-RPRP50yRri1uA,5455,52,0,0,5,0.0,61.23,105.98
2026-06-29,UCZem4a64VnhfA4CBw9vM2bg,25662,604,2,35,55,43.361,39.63,204.71
2026-06-29,UCbnCFV5_c-nGiEQN1anEO5A,182,0,0,0,0,0.936,7.27,118.9
2026-06-29,UCctSzoeee7KCnR84dZ6IO7w,9452,105,6,13,33,20.147,19.83,265.66
2026-06-29,UCdtOFTQ1GVPKzvOYsi1ApIw,14954,223,0,12,36,15.897,36.26,170.88
2026-06-29,UCeVTtB1kN607CxFrFkiqjgQ,6493,43,0,7,10,0.0,15.03,203.17
2026-06-29,UChhBhc7qJ42rgzAIPe9z6Cg,2630,20,0,2,13,1.007,14.05,169.48
2026-06-29,UCk2O5vfW3c_W5YWQ_BoD1Ug,181397,3426,19,166,376,29.052,57.6,61.86
2026-06-29,UCm3RYOItKT_P0-oRCkkSMZw,3002,16,0,2,10,0.961,19.35,154.91
2026-06-29,UCnwjt6PgkKuZC4S1A0yTOFQ,12,0,0,0,0,0.025,74.1,145.92
2026-06-29,UCsbnInDepLdq6o781WVZ-5g,13395,98,5,14,45,6.419,22.44,140.21
2026-06-29,UCvfQU0Npb-ve-LxUlaAN1GA,2660,74,0,0,7,0.0,77.07,78.0
2026-06-29,UCxfDVRNK6SoN59v_t3ZJ33A,18373,409,13,16,48,12.242,43.98,116.06
2026-06-29,UCxhHKduxLRNAOC_GUHPPf1Q,111,0,0,0,0,0.0,6.98,202.0
2026-06-29,UCxxl4xdZZqRSSz2VfnFBhwA,29844,417,7,15,72,28.191,59.71,95.49
2026-06-30,UC01rTYtA_UsuZ5wzxnyHFcg,1235,13,0,0,2,0.0,46.19,48.0
2026-06-30,UC0GVHmLgrxE2SS8F0C19JVg,38752,601,6,25,74,79.123,40.29,212.67
2026-06-30,UC2IjY1Gm6b7pYp-vMJ2R9ig,9,0,0,0,0,0.022,1.19,12.0
2026-06-30,UC3WZLJlwYaCEurdUywF8ibg,13984,111,2,2,86,0.0,18.4,266.22
2026-06-30,UC49-b-BhbYoG54YNkwmzg8w,1554,21,0,0,9,0.0,20.93,256.74
2026-06-30,UC77WdDKy6cbCxZkC46eaudA,90401,780,17,70,269,134.089,17.95,261.84
2026-06-30,UC80LfoIH6FrzHTm6lXTWCKQ,327224,4705,75,281,714,336.764,33.5,129.9
2026-06-30,UC82nFsZOjs5Tr96upPPq9Ww,50854,529,4,43,150,0.0,21.2,351.13
2026-06-30,UC8Fm-ogvMehvbgF0BJjKiuQ,17060,211,0,9,70,0.0,26.83,235.58
2026-06-30,UCAkSxwl8Lbk2hBXAAfsEFTA,98373,937,7,85,242,298.246,17.3,196.46
2026-06-30,UCHONLLEtQ4f9yoqa1BWlhSg,14,1,0,0,0,0.002,58.41,29.0
2026-06-30,UCIg97fCjw1HnS8vPqwiHLGA,13,0,0,0,0,0.005,10.03,18.31
2026-06-30,UCMGKZD9ggu_Pfo4dkL47cXQ,92664,591,12,90,291,125.273,24.02,180.46
2026-06-30,UCP4STX85lq_fpEtvQcq_5fw,2032,12,0,2,4,1.622,14.79,196.96
2026-06-30,UCSlOhfr5f-RPRP50yRri1uA,52778,548,11,13,89,0.0,65.99,106.32
2026-06-30,UCT7ZxKrKqxBvAODr8h_ODkA,22195,362,3,34,132,0.0,39.63,300.09
2026-06-30,UCZem4a64VnhfA4CBw9vM2bg,336914,11453,68,147,466,99.85,69.63,49.18
2026-06-30,UCctSzoeee7KCnR84dZ6IO7w,18746,191,2,21,94,32.344,20.26,229.91
2026-06-30,UCdtOFTQ1GVPKzvOYsi1ApIw,150,-1,0,0,0,0.058,9.26,84.83
2026-06-30,UCeVTtB1kN607CxFrFkiqjgQ,15237,141,1,14,62,0.0,13.72,230.31
2026-06-30,UCf3lAEw_WPtcgHMUVAunzSw,123,0,0,0,0,0.015,62.86,31.4
2026-06-30,UCk2O5vfW3c_W5YWQ_BoD1Ug,137974,3419,6,91,312,12.104,45.29,57.98
2026-06-30,UCm3RYOItKT_P0-oRCkkSMZw,50155,289,2,39,205,26.3,19.32,177.69
2026-06-30,UCnwjt6PgkKuZC4S1A0yTOFQ,89099,937,18,89,312,86.134,25.49,277.96
2026-06-30,UCsbnInDepLdq6o781WVZ-5g,26914,296,2,3,68,3.532,61.09,59.33
2026-06-30,UCxfDVRNK6SoN59v_t3ZJ33A,23791,387,6,13,70,15.925,46.85,115.13
2026-06-30,UCxxl4xdZZqRSSz2VfnFBhwA,174,4,0,0,0,0.188,36.19,120.47
2026-07-03,UC01rTYtA_UsuZ5wzxnyHFcg,15897,149,6,22,66,0.0,17.16,315.07
2026-07-03,UC0GVHmLgrxE2SS8F0C19JVg,0,96,4,16,0,10.16,17.63,176.0
2026-07-03,UC2IjY1Gm6b7pYp-vMJ2R9ig,435,3974,68,509,1915,562.051,10.21,98.44
2026-07-03,UC77WdDKy6cbCxZkC46eaudA,214,2132,44,249,1147,228.789,3.87,38.05
2026-07-03,UC80LfoIH6FrzHTm6lXTWCKQ,4,7527,83,179,679,202.051,0.09,1.0
2026-07-03,UC82nFsZOjs5Tr96upPPq9Ww,14044,120,4,8,36,31.728,19.37,250.0
2026-07-03,UC8Fm-ogvMehvbgF0BJjKiuQ,12220,754,20,33,216,1.573,18.88,220.0
2026-07-03,UC8gDq5ENmiVuJZIVsiZbQ8g,30,0,0,0,0,0.0,100.88,47.0
2026-07-03,UCAkSxwl8Lbk2hBXAAfsEFTA,280,2054,45,366,532,928.167,10.06,127.98
2026-07-03,UCEFB0gMdnD1NyiZaedHg2hQ,8,3262,53,134,536,163.298,6.03,18.0
2026-07-03,UCHONLLEtQ4f9yoqa1BWlhSg,445,707,10,27,82,63.358,9.94,138.68
2026-07-03,UCIg97fCjw1HnS8vPqwiHLGA,203,545,8,61,327,52.889,30.75,14.44
2026-07-03,UCL_RZ1IidYQkVQxfimfnPSQ,33,1622,20,33,704,73.651,4.34,55.0
2026-07-03,UCMGKZD9ggu_Pfo4dkL47cXQ,350,1500,43,125,525,329.381,42.74,376.16
2026-07-03,UCP4STX85lq_fpEtvQcq_5fw,77,1044,0,230,739,185.112,1.93,7.0
2026-07-03,UCSlOhfr5f-RPRP50yRri1uA,26382,349,5,0,15,0.0,50.03,36.63
2026-07-03,UCT7ZxKrKqxBvAODr8h_ODkA,455616,5961,42,847,2579,0.0,18.74,261.89
2026-07-03,UCZem4a64VnhfA4CBw9vM2bg,0,68239,481,1455,3332,1009.975,45.11,127.87
2026-07-03,UCbnCFV5_c-nGiEQN1anEO5A,533,3,0,2,2,0.05,10.15,237.87
2026-07-03,UCc-V01UlW1n8eGLpATLA5gw,49238,840,20,0,200,0.0,43.11,31.27
2026-07-03,UCctSzoeee7KCnR84dZ6IO7w,190,566,36,11,210,110.132,14.75,108.92
2026-07-03,UCdtOFTQ1GVPKzvOYsi1ApIw,349,2793,48,100,570,163.923,12.71,102.15
2026-07-03,UCeVTtB1kN607CxFrFkiqjgQ,115978,867,16,62,402,0.0,16.99,200.86
2026-07-03,UCf3lAEw_WPtcgHMUVAunzSw,87,772,12,0,246,4.752,32.9,18.68
2026-07-03,UChhBhc7qJ42rgzAIPe9z6Cg,176,73,0,18,33,6.816,17.55,227.59
2026-07-03,UCk2O5vfW3c_W5YWQ_BoD1Ug,12,14238,81,618,1792,145.392,0.52,7.0
2026-07-03,UCm3RYOItKT_P0-oRCkkSMZw,855,3059,35,484,1836,209.384,88.22,33.77
2026-07-03,UCnwjt6PgkKuZC4S1A0yTOFQ,317,6058,97,499,1485,370.36,4.81,58.99
2026-07-03,UCvfQU0Npb-ve-LxUlaAN1GA,45334,787,0,0,60,0.0,41.05,37.84
2026-07-03,UCx08xHWVSQIiujaTJb8HWYg,11,0,0,0,0,0.0,52.58,30.55
2026-07-03,UCxfDVRNK6SoN59v_t3ZJ33A,339,1045,6,101,374,109.742,4.8,34.06
2026-07-03,UCxhHKduxLRNAOC_GUHPPf1Q,98276,1270,8,60,276,0.0,38.8,202.08
2026-07-03,UCxxl4xdZZqRSSz2VfnFBhwA,51,2129,23,30,253,54.109,9.03,71.61
2026-07-04,UC0GVHmLgrxE2SS8F0C19JVg,89,8146,83,401,1128,676.782,1.64,25.57
2026-07-04,UC2IjY1Gm6b7pYp-vMJ2R9ig,0,1,0,0,0,0.216,8.93,135.67
2026-07-04,UC3WZLJlwYaCEurdUywF8ibg,280474,2104,18,185,1272,0.0,17.61,272.01
2026-07-04,UC49-b-BhbYoG54YNkwmzg8w,15435,194,0,0,53,0.0,10.92,95.87
2026-07-04,UC77WdDKy6cbCxZkC46eaudA,0,0,0,0,0,0.002,0.0,0.0
2026-07-04,UC82nFsZOjs5Tr96upPPq9Ww,181047,3383,124,320,1750,634.711,16.02,321.21
2026-07-04,UCAkSxwl8Lbk2hBXAAfsEFTA,0,0,0,0,0,0.008,0.0,0.0
2026-07-04,UCEFB0gMdnD1NyiZaedHg2hQ,6,309,0,0,158,57.557,0.3,4.0
2026-07-04,UCHONLLEtQ4f9yoqa1BWlhSg,0,0,0,0,0,0.033,17.81,301.0
2026-07-04,UCIg97fCjw1HnS8vPqwiHLGA,44,129,0,0,0,7.952,4.74,9.0
2026-07-04,UCSlOhfr5f-RPRP50yRri1uA,732360,9817,70,215,1034,0.0,62.56,99.34
2026-07-04,UCT7ZxKrKqxBvAODr8h_ODkA,10922,294,0,0,126,0.0,12.71,61.04
2026-07-04,UCZem4a64VnhfA4CBw9vM2bg,0,89703,501,2673,5889,1980.989,42.84,128.54
2026-07-04,UCbnCFV5_c-nGiEQN1anEO5A,0,0,0,0,1,0.212,1.8,24.62
2026-07-04,UCctSzoeee7KCnR84dZ6IO7w,90,439,6,57,187,43.901,32.4,32.84
2026-07-04,UCdtOFTQ1GVPKzvOYsi1ApIw,1,0,0,0,0,0.196,12.6,38.0
2026-07-04,UCeVTtB1kN607CxFrFkiqjgQ,10,0,0,0,0,0.0,51.06,29.0
2026-07-04,UCk2O5vfW3c_W5YWQ_BoD1Ug,0,1243,2,26,138,2.289,50.39,43.0
2026-07-04,UCsbnInDepLdq6o781WVZ-5g,15,2650,0,113,656,57.5,0.72,10.0
2026-07-04,UCxfDVRNK6SoN59v_t3ZJ33A,17,1309,0,20,127,23.375,7.24,144.35
2026-07-04,UCxhHKduxLRNAOC_GUHPPf1Q,75927,810,0,45,315,0.0,22.39,503.92
2026-07-04,UCxxl4xdZZqRSSz2VfnFBhwA,0,3,0,0,1,0.019,47.86,47.5
2026-07-05,UC0GVHmLgrxE2SS8F0C19JVg,172,2,0,0,0,0.406,27.16,161.2
2026-07-05,UC2IjY1Gm6b7pYp-vMJ2R9ig,6,0,0,0,0,0.005,15.42,232.83
2026-07-05,UC3WZLJlwYaCEurdUywF8ibg,660,7,0,0,4,0.0,27.66,71.0
2026-07-05,UC77WdDKy6cbCxZkC46eaudA,4420,39,0,0,0,2.683,19.49,103.91
2026-07-05,UC8Fm-ogvMehvbgF0BJjKiuQ,193603,2312,41,61,713,256.593,34.7,181.5
2026-07-05,UC8gDq5ENmiVuJZIVsiZbQ8g,2,0,0,0,0,0.0,0.0,0.0
2026-07-05,UCAkSxwl8Lbk2hBXAAfsEFTA,45663,282,5,26,85,130.191,12.87,181.93
2026-07-05,UCEFB0gMdnD1NyiZaedHg2hQ,33308,544,10,31,119,25.533,30.71,167.08
2026-07-05,UCIg97fCjw1HnS8vPqwiHLGA,4724,31,0,5,23,3.775,20.94,195.06
2026-07-05,UCL_RZ1IidYQkVQxfimfnPSQ,985,7,0,0,0,0.378,39.38,54.53
2026-07-05,UCMGKZD9ggu_Pfo4dkL47cXQ,39808,255,7,35,97,46.595,22.03,184.14
2026-07-05,UCSlOhfr5f-RPRP50yRri1uA,11,1,0,0,0,0.0,23.15,107.0
2026-07-05,UCc-V01UlW1n8eGLpATLA5gw,6890,24,7,0,7,0.0,58.03,33.91
2026-07-05,UCctSzoeee7KCnR84dZ6IO7w,885,10,0,0,5,0.949,14.47,279.6
2026-07-05,UCdtOFTQ1GVPKzvOYsi1ApIw,29751,564,1,19,67,24.019,33.03,157.35
2026-07-05,UCsbnInDepLdq6o781WVZ-5g,11,0,0,0,0,0.007,4.94,77.0
2026-07-05,UCvfQU0Npb-ve-LxUlaAN1GA,15068,356,0,0,37,0.0,52.68,56.1
2026-07-05,UCxhHKduxLRNAOC_GUHPPf1Q,15883,253,7,7,70,0.0,37.18,159.29
2026-07-05,UCxxl4xdZZqRSSz2VfnFBhwA,60,1,0,0,0,0.114,9.44,209.0
2026-07-06,UC0GVHmLgrxE2SS8F0C19JVg,37593,493,5,38,80,59.223,41.44,180.64
2026-07-06,UC2IjY1Gm6b7pYp-vMJ2R9ig,686,-2,1,0,0,0.416,33.44,100.55
2026-07-06,UC3WZLJlwYaCEurdUywF8ibg,17037,107,5,16,93,0.0,17.12,258.17
2026-07-06,UC49-b-BhbYoG54YNkwmzg8w,2111,11,0,4,11,0.0,14.04,94.82
2026-07-06,UC77WdDKy6cbCxZkC46eaudA,137497,823,13,126,403,96.323,13.42,188.36
2026-07-06,UC80LfoIH6FrzHTm6lXTWCKQ,837813,18307,330,746,2982,588.485,40.41,99.73
2026-07-06,UC82nFsZOjs5Tr96upPPq9Ww,46802,560,12,60,167,98.376,20.75,336.22
2026-07-06,UC8Fm-ogvMehvbgF0BJjKiuQ,18482,195,0,7,59,25.464,25.26,204.58
2026-07-06,UCAkSxwl8Lbk2hBXAAfsEFTA,135856,1293,25,129,355,403.408,15.44,242.02
2026-07-06,UCEFB0gMdnD1NyiZaedHg2hQ,27735,377,6,25,97,28.664,27.11,152.2
2026-07-06,UCHONLLEtQ4f9yoqa1BWlhSg,4,0,0,0,0,0.0,54.69,33.5
2026-07-06,UCIg97fCjw1HnS8vPqwiHLGA,2669,10,0,5,7,4.409,18.51,227.39
2026-07-06,UCMGKZD9ggu_Pfo4dkL47cXQ,81141,526,0,39,243,118.234,22.04,188.12
2026-07-06,UCSlOhfr5f-RPRP50yRri1uA,60111,641,9,22,137,0.0,50.08,115.5
2026-07-06,UCT7ZxKrKqxBvAODr8h_ODkA,4115,47,0,3,25,0.0,12.71,264.36
2026-07-06,UCZem4a64VnhfA4CBw9vM2bg,314856,7880,47,284,418,108.78,71.04,54.54
2026-07-06,UCctSzoeee7KCnR84dZ6IO7w,16201,186,6,13,77,35.159,15.9,267.61
2026-07-06,UCdtOFTQ1GVPKzvOYsi1ApIw,50459,924,9,37,158,36.052,47.18,123.29
2026-07-06,UCeVTtB1kN607CxFrFkiqjgQ,3335,29,0,0,11,0.0,13.08,286.0
2026-07-06,UCf3lAEw_WPtcgHMUVAunzSw,421,4,0,0,2,0.292,9.3,140.26
2026-07-06,UChhBhc7qJ42rgzAIPe9z6Cg,4,0,0,0,0,0.006,5.5,55.5
2026-07-06,UCk2O5vfW3c_W5YWQ_BoD1Ug,807,17,0,2,1,0.616,23.26,129.48
2026-07-06,UCm3RYOItKT_P0-oRCkkSMZw,478,2,0,0,2,0.784,13.01,164.23
2026-07-06,UCnwjt6PgkKuZC4S1A0yTOFQ,67874,622,14,103,210,58.704,20.95,286.14
2026-07-06,UCsbnInDepLdq6o781WVZ-5g,30435,288,0,6,46,4.573,51.42,49.32
2026-07-06,UCvfQU0Npb-ve-LxUlaAN1GA,247,9,0,0,0,0.0,48.79,98.21
2026-07-06,UCxfDVRNK6SoN59v_t3ZJ33A,21914,279,7,19,65,22.704,32.06,143.14
2026-07-06,UCxhHKduxLRNAOC_GUHPPf1Q,73742,1176,9,46,258,0.0,47.62,95.73
2026-07-06,UCxxl4xdZZqRSSz2VfnFBhwA,2290,22,0,2,6,0.459,45.75,68.08
2026-07-07,UC0GVHmLgrxE2SS8F0C19JVg,36,1,0,0,0,0.019,35.63,40.0
2026-07-07,UC8Fm-ogvMehvbgF0BJjKiuQ,7902,146,0,0,0,2.201,35.51,96.96
2026-07-07,UCAkSxwl8Lbk2hBXAAfsEFTA,8489736,91912,940,9269,25166,19518.005,18.0,230.96
2026-07-07,UCEFB0gMdnD1NyiZaedHg2hQ,133,0,0,0,0,0.017,59.73,26.86
2026-07-07,UCMGKZD9ggu_Pfo4dkL47cXQ,4690510,28860,491,3119,12037,6366.372,19.15,171.05
2026-07-07,UCSlOhfr5f-RPRP50yRri1uA,7,0,0,0,0,0.0,36.97,95.0
2026-07-07,UCT7ZxKrKqxBvAODr8h_ODkA,3,0,0,0,0,0.0,8.22,37.0
2026-07-07,UCZem4a64VnhfA4CBw9vM2bg,172134,3190,4,42,195,59.289,58.63,53.64
2026-07-07,UCctSzoeee7KCnR84dZ6IO7w,182815,2018,66,182,721,349.942,13.42,278.02
2026-07-07,UCnwjt6PgkKuZC4S1A0yTOFQ,18752,121,3,23,66,10.615,15.37,270.57
2026-07-07,UCxhHKduxLRNAOC_GUHPPf1Q,16109,240,4,13,43,0.0,33.18,136.06
2026-07-08,UC0GVHmLgrxE2SS8F0C19JVg,407,5,0,0,1,0.383,36.4,161.9
2026-07-08,UC2IjY1Gm6b7pYp-vMJ2R9ig,2,0,0,0,0,0.0,10.73,37.0
2026-07-08,UC77WdDKy6cbCxZkC46eaudA,28114,423,37,106,72,38.181,17.68,132.83
2026-07-08,UC8Fm-ogvMehvbgF0BJjKiuQ,14273,-130,0,0,0,2.537,428.8,573.46
2026-07-08,UC8gDq5ENmiVuJZIVsiZbQ8g,3066,48,3,0,15,0.0,50.27,37.26
2026-07-08,UCAkSxwl8Lbk2hBXAAfsEFTA,4580305,30520,784,3532,11336,10083.602,16.58,180.22
2026-07-08,UCHONLLEtQ4f9yoqa1BWlhSg,16,0,0,0,5,0.018,7.27,32.06
2026-07-08,UCIg97fCjw1HnS8vPqwiHLGA,151,0,0,0,0,0.003,80.23,15.0
2026-07-08,UCL_RZ1IidYQkVQxfimfnPSQ,398745,1029,0,49,337,35.295,91.4,24.19
2026-07-08,UCMGKZD9ggu_Pfo4dkL47cXQ,3921323,21030,260,2601,10155,5766.473,18.94,165.0
2026-07-08,UCSlOhfr5f-RPRP50yRri1uA,2,0,0,0,0,0.0,10.22,11.5
2026-07-08,UCZem4a64VnhfA4CBw9vM2bg,9710,155,2,7,13,13.996,51.88,142.89
2026-07-08,UCbnCFV5_c-nGiEQN1anEO5A,9,0,0,0,0,0.003,3.05,25.0
2026-07-08,UCc-V01UlW1n8eGLpATLA5gw,25791,234,4,2,51,0.0,48.39,104.79
2026-07-08,UCctSzoeee7KCnR84dZ6IO7w,1683,14,0,0,4,2.513,13.35,214.49
2026-07-08,UCk2O5vfW3c_W5YWQ_BoD1Ug,2445,48,0,5,4,0.245,53.56,81.0
2026-07-08,UCsbnInDepLdq6o781WVZ-5g,202,1,0,0,0,0.083,10.17,165.0
2026-07-08,UCvfQU0Npb-ve-LxUlaAN1GA,12044,309,6,2,41,0.0,51.74,66.67
2026-07-08,UCxfDVRNK6SoN59v_t3ZJ33A,0,0,0,0,0,0.0,0.0,0.0
2026-07-09,UC01rTYtA_UsuZ5wzxnyHFcg,574,5,0,0,1,0.0,19.75,200.0
2026-07-09,UC0GVHmLgrxE2SS8F0C19JVg,61,0,0,0,0,0.009,125.43,7.0
2026-07-09,UC2IjY1Gm6b7pYp-vMJ2R9ig,1633,7,0,4,4,0.57,10.67,158.49
2026-07-09,UC3WZLJlwYaCEurdUywF8ibg,12161,68,1,12,50,0.0,17.98,275.21
2026-07-09,UC77WdDKy6cbCxZkC46eaudA,2634,0,0,0,0,2.197,4.66,54.93
2026-07-09,UC8Fm-ogvMehvbgF0BJjKiuQ,636080,11936,0,544,2707,526.696,38.65,132.34
2026-07-09,UC8gDq5ENmiVuJZIVsiZbQ8g,95,1,0,1,0,0.0,142.24,106.14
2026-07-09,UCAkSxwl8Lbk2hBXAAfsEFTA,322760,1405,116,21,1294,469.634,14.22,244.86
2026-07-09,UCHONLLEtQ4f9yoqa1BWlhSg,27329,301,7,13,58,7.345,64.68,84.06
2026-07-09,UCIg97fCjw1HnS8vPqwiHLGA,3,0,0,0,0,0.001,42.17,7.0
2026-07-09,UCL_RZ1IidYQkVQxfimfnPSQ,89266,320,4,16,161,9.612,82.86,34.14
2026-07-09,UCMGKZD9ggu_Pfo4dkL47cXQ,3673122,22725,1191,2233,9484,5462.567,18.63,168.24
2026-07-09,UCP4STX85lq_fpEtvQcq_5fw,34915,159,6,20,117,20.48,17.26,190.67
2026-07-09,UCSlOhfr5f-RPRP50yRri1uA,18417,179,5,7,21,4.068,56.35,75.82
2026-07-09,UCZem4a64VnhfA4CBw9vM2bg,2057130,52668,456,2508,5244,266.988,72.81,26.0
2026-07-09,UCc-V01UlW1n8eGLpATLA5gw,16449,143,2,11,37,0.0,43.55,126.23
2026-07-09,UCctSzoeee7KCnR84dZ6IO7w,155,2,0,1,1,0.214,13.44,246.23
2026-07-09,UCdtOFTQ1GVPKzvOYsi1ApIw,28007,471,9,33,87,24.613,37.34,194.17
2026-07-09,UCf3lAEw_WPtcgHMUVAunzSw,1710,13,0,0,1,0.202,60.65,46.52
2026-07-09,UChhBhc7qJ42rgzAIPe9z6Cg,3684,50,0,20,27,1.378,13.24,162.26
2026-07-09,UCk2O5vfW3c_W5YWQ_BoD1Ug,84,1,2,0,1,0.112,19.58,292.0
2026-07-09,UCsbnInDepLdq6o781WVZ-5g,32,0,0,0,0,0.002,32.94,17.59
2026-07-09,UCvfQU0Npb-ve-LxUlaAN1GA,20464,517,12,12,91,0.0,60.9,97.6
2026-07-09,UCxfDVRNK6SoN59v_t3ZJ33A,213,2,0,0,0,0.031,48.73,36.77
2026-07-09,UCxxl4xdZZqRSSz2VfnFBhwA,3,0,0,0,0,0.0,4.57,3.33
2026-07-10,UC0GVHmLgrxE2SS8F0C19JVg,132,1,0,0,0,0.356,12.44,170.0
2026-07-10,UC2IjY1Gm6b7pYp-vMJ2R9ig,127902,566,15,82,356,70.125,13.56,161.36
2026-07-10,UC3WZLJlwYaCEurdUywF8ibg,21751,155,10,21,99,0.0,17.29,253.63
2026-07-10,UC49-b-BhbYoG54YNkwmzg8w,1927,16,0,2,9,0.0,13.36,180.1
2026-07-10,UC77WdDKy6cbCxZkC46eaudA,225802,2031,0,567,473,213.298,15.92,138.26
2026-07-10,UC80LfoIH6FrzHTm6lXTWCKQ,9,0,0,0,0,0.015,5.94,66.0
2026-07-10,UC82nFsZOjs5Tr96upPPq9Ww,137,1,0,0,0,0.24,14.26,287.0
2026-07-10,UC8Fm-ogvMehvbgF0BJjKiuQ,13848,69,1,0,15,17.659,23.6,170.92
2026-07-10,UC8gDq5ENmiVuJZIVsiZbQ8g,175,9,0,0,3,0.0,50.58,39.91
2026-07-10,UCAkSxwl8Lbk2hBXAAfsEFTA,2853,14,0,5,10,3.069,12.21,172.28
2026-07-10,UCEFB0gMdnD1NyiZaedHg2hQ,6,0,0,0,0,0.001,2.87,3.0
2026-07-10,UCHONLLEtQ4f9yoqa1BWlhSg,26768,311,2,21,18,6.81,65.23,80.45
2026-07-10,UCIg97fCjw1HnS8vPqwiHLGA,7706,59,3,5,33,6.921,23.64,243.44
2026-07-10,UCL_RZ1IidYQkVQxfimfnPSQ,108994,439,14,16,164,13.91,91.15,29.64
2026-07-10,UCMGKZD9ggu_Pfo4dkL47cXQ,1818,14,2,0,3,1.119,29.94,145.51
2026-07-10,UCP4STX85lq_fpEtvQcq_5fw,33612,195,0,61,85,23.181,16.76,206.43
2026-07-10,UCSlOhfr5f-RPRP50yRri1uA,5470,12,0,0,2,1.31,88.01,57.79
2026-07-10,UCT7ZxKrKqxBvAODr8h_ODkA,15,0,0,0,0,0.0,73.66,24.4
2026-07-10,UCZem4a64VnhfA4CBw9vM2bg,291016,6026,40,130,288,67.303,71.18,43.98
2026-07-10,UCbnCFV5_c-nGiEQN1anEO5A,10,0,0,0,0,0.016,6.34,101.4
2026-07-10,UCc-V01UlW1n8eGLpATLA5gw,21,13,0,0,0,0.0,90.01,53.05
2026-07-10,UCctSzoeee7KCnR84dZ6IO7w,30,1,0,0,1,0.059,10.47,178.0
2026-07-10,UCdtOFTQ1GVPKzvOYsi1ApIw,1,0,0,0,0,0.0,70.63,113.0
2026-07-10,UCeVTtB1kN607CxFrFkiqjgQ,11,0,0,0,0,0.0,67.95,57.0
2026-07-10,UCf3lAEw_WPtcgHMUVAunzSw,16953,292,2,4,81,2.902,60.41,56.92
2026-07-10,UChhBhc7qJ42rgzAIPe9z6Cg,4317,49,2,11,31,1.71,12.79,157.44
2026-07-10,UCk2O5vfW3c_W5YWQ_BoD1Ug,6516,29,1,5,21,3.054,25.51,406.0
2026-07-10,UCm3RYOItKT_P0-oRCkkSMZw,391,-1,0,0,0,0.253,20.36,76.84
2026-07-10,UCnwjt6PgkKuZC4S1A0yTOFQ,44807,537,3,48,145,36.444,27.84,237.28
2026-07-10,UCsbnInDepLdq6o781WVZ-5g,2641,46,0,0,5,0.336,84.7,26.24
2026-07-10,UCvfQU0Npb-ve-LxUlaAN1GA,22570,413,9,16,47,0.0,55.8,89.12
2026-07-10,UCxfDVRNK6SoN59v_t3ZJ33A,5,0,0,0,0,0.0,6.74,7.0
2026-07-10,UCxhHKduxLRNAOC_GUHPPf1Q,46766,594,6,26,161,0.0,33.92,123.24
2026-07-10,UCxxl4xdZZqRSSz2VfnFBhwA,10,0,0,0,0,0.002,39.46,18.5
2026-07-11,UC01rTYtA_UsuZ5wzxnyHFcg,1065558,11970,114,1482,5928,0.0,16.66,262.53
2026-07-11,UC0GVHmLgrxE2SS8F0C19JVg,51,2,0,0,0,0.008,73.02,40.0
2026-07-11,UC2IjY1Gm6b7pYp-vMJ2R9ig,41654,189,2,14,127,17.354,13.51,139.2
2026-07-11,UC3WZLJlwYaCEurdUywF8ibg,13585,78,9,29,49,0.0,16.46,252.36
2026-07-11,UC49-b-BhbYoG54YNkwmzg8w,2189,18,0,2,11,0.0,14.96,181.25
2026-07-11,UC77WdDKy6cbCxZkC46eaudA,49248,38,6,48,149,28.678,12.33,171.77
2026-07-11,UC80LfoIH6FrzHTm6lXTWCKQ,46382,664,10,30,147,38.248,28.39,127.6
2026-07-11,UC82nFsZOjs5Tr96upPPq9Ww,34825,311,5,26,99,40.89,17.79,251.87
2026-07-11,UC8Fm-ogvMehvbgF0BJjKiuQ,3243,35,3,1,11,3.123,31.62,141.52
2026-07-11,UC8gDq5ENmiVuJZIVsiZbQ8g,56,2,0,0,0,0.0,149.94,82.14
2026-07-11,UCAkSxwl8Lbk2hBXAAfsEFTA,19532,156,3,20,54,32.289,15.64,207.14
2026-07-11,UCEFB0gMdnD1NyiZaedHg2hQ,42584,374,2,21,129,34.841,21.03,148.0
2026-07-11,UCHONLLEtQ4f9yoqa1BWlhSg,9216,148,0,2,11,2.564,63.88,79.79
2026-07-11,UCIg97fCjw1HnS8vPqwiHLGA,6901,57,1,2,34,4.873,20.36,231.48
2026-07-11,UCL_RZ1IidYQkVQxfimfnPSQ,103316,265,2,12,89,7.802,88.79,22.52
2026-07-11,UCMGKZD9ggu_Pfo4dkL47cXQ,169625,1125,15,130,403,158.697,18.95,165.54
2026-07-11,UCP4STX85lq_fpEtvQcq_5fw,15080,94,0,6,46,12.903,17.66,198.77
2026-07-11,UCSlOhfr5f-RPRP50yRri1uA,11630,134,0,9,35,4.145,43.99,82.32
2026-07-11,UCT7ZxKrKqxBvAODr8h_ODkA,25170,248,0,44,100,0.0,12.78,206.57
2026-07-11,UCZem4a64VnhfA4CBw9vM2bg,157505,2546,18,110,154,69.801,65.22,63.24
2026-07-11,UCbnCFV5_c-nGiEQN1anEO5A,1335,7,0,0,2,0.882,3.72,65.65
2026-07-11,UCc-V01UlW1n8eGLpATLA5gw,12667,148,2,7,55,0.0,36.68,144.4
2026-07-11,UCctSzoeee7KCnR84dZ6IO7w,36146,348,11,32,117,52.911,15.11,249.32
2026-07-11,UCdtOFTQ1GVPKzvOYsi1ApIw,12271,135,1,12,42,12.855,27.21,212.55
2026-07-11,UCeVTtB1kN607CxFrFkiqjgQ,24667,173,5,20,82,0.0,15.9,197.38
2026-07-11,UCf3lAEw_WPtcgHMUVAunzSw,5325,84,1,2,26,1.019,54.31,61.84
2026-07-11,UChhBhc7qJ42rgzAIPe9z6Cg,2361,22,0,10,10,0.824,13.63,156.35
2026-07-11,UCk2O5vfW3c_W5YWQ_BoD1Ug,345281,4005,19,162,617,50.402,51.86,69.79
2026-07-11,UCm3RYOItKT_P0-oRCkkSMZw,55134,406,2,41,171,38.068,18.62,162.4
2026-07-11,UCnwjt6PgkKuZC4S1A0yTOFQ,44679,535,8,62,157,41.611,25.26,250.97
2026-07-11,UCsbnInDepLdq6o781WVZ-5g,34461,283,3,46,101,13.855,27.83,139.61
2026-07-11,UCvfQU0Npb-ve-LxUlaAN1GA,11557,209,2,12,40,0.0,51.07,87.03
2026-07-11,UCx08xHWVSQIiujaTJb8HWYg,2,0,0,0,0,0.0,8.66,5.0
2026-07-11,UCxfDVRNK6SoN59v_t3ZJ33A,84935,567,7,131,247,42.709,27.69,102.66
2026-07-11,UCxhHKduxLRNAOC_GUHPPf1Q,29234,347,2,10,101,0.0,28.84,132.83
2026-07-11,UCxxl4xdZZqRSSz2VfnFBhwA,17161,130,0,4,37,8.206,33.33,99.56
2026-07-12,UC01rTYtA_UsuZ5wzxnyHFcg,17276,193,4,21,95,0.0,15.36,278.58
2026-07-12,UC0GVHmLgrxE2SS8F0C19JVg,56422,830,11,23,113,50.231,51.55,138.35
2026-07-12,UC2IjY1Gm6b7pYp-vMJ2R9ig,170720,1699,9,290,358,139.737,15.16,137.48
2026-07-12,UC3WZLJlwYaCEurdUywF8ibg,14277,94,0,9,55,0.0,17.13,267.51
2026-07-12,UC49-b-BhbYoG54YNkwmzg8w,2685,10,0,3,10,0.0,14.71,152.21
2026-07-12,UC77WdDKy6cbCxZkC46eaudA,4179330,19665,115,3910,10350,1843.45,12.02,169.64
2026-07-12,UC80LfoIH6FrzHTm6lXTWCKQ,45479,640,10,53,135,41.014,25.72,141.6
2026-07-12,UC82nFsZOjs5Tr96upPPq9Ww,29450,283,3,33,90,33.61,17.95,253.49
2026-07-12,UC8Fm-ogvMehvbgF0BJjKiuQ,3393,48,0,0,8,1.708,36.52,105.15
2026-07-12,UC8gDq5ENmiVuJZIVsiZbQ8g,28,0,0,0,0,0.0,43.77,32.5
2026-07-12,UCAkSxwl8Lbk2hBXAAfsEFTA,18053,151,2,15,53,32.748,14.2,241.72
2026-07-12,UCEFB0gMdnD1NyiZaedHg2hQ,46835,422,5,36,130,43.016,19.47,159.67
2026-07-12,UCHONLLEtQ4f9yoqa1BWlhSg,10313,173,0,3,19,3.424,65.51,82.96
2026-07-12,UCIg97fCjw1HnS8vPqwiHLGA,8137,51,2,5,33,4.177,19.92,204.46
2026-07-12,UCL_RZ1IidYQkVQxfimfnPSQ,75693,164,0,6,70,7.222,86.3,24.05
2026-07-12,UCMGKZD9ggu_Pfo4dkL47cXQ,31763,175,5,23,79,29.296,68.5,163.54
2026-07-12,UCP4STX85lq_fpEtvQcq_5fw,15624,90,2,11,45,13.1,17.39,193.6
2026-07-12,UCSlOhfr5f-RPRP50yRri1uA,794420,9430,0,575,2415,271.86,39.94,98.14
2026-07-12,UCT7ZxKrKqxBvAODr8h_ODkA,27712,309,7,70,107,0.0,13.18,191.96
2026-07-12,UCZem4a64VnhfA4CBw9vM2bg,156672,3016,19,79,163,68.465,65.58,63.75
2026-07-12,UCbnCFV5_c-nGiEQN1anEO5A,632,2,0,0,3,0.21,6.15,121.81
2026-07-12,UCc-V01UlW1n8eGLpATLA5gw,14418,161,5,10,49,0.0,35.12,131.27
2026-07-12,UCctSzoeee7KCnR84dZ6IO7w,7924,85,4,5,24,11.852,15.13,249.81
2026-07-12,UCdtOFTQ1GVPKzvOYsi1ApIw,10507,110,6,15,51,13.434,24.68,265.34
2026-07-12,UCeVTtB1kN607CxFrFkiqjgQ,23587,170,2,14,74,0.0,13.97,204.47
2026-07-12,UCf3lAEw_WPtcgHMUVAunzSw,4893,96,0,5,23,1.044,48.53,69.99
2026-07-12,UChhBhc7qJ42rgzAIPe9z6Cg,2222,8,0,0,12,0.566,13.08,154.5
2026-07-12,UCk2O5vfW3c_W5YWQ_BoD1Ug,400893,3939,19,211,669,61.319,47.81,67.65
2026-07-12,UCm3RYOItKT_P0-oRCkkSMZw,47451,356,8,57,210,30.916,19.47,186.14
2026-07-12,UCnwjt6PgkKuZC4S1A0yTOFQ,36305,459,3,40,120,52.445,25.35,254.53
2026-07-12,UCsbnInDepLdq6o781WVZ-5g,33829,295,2,20,98,11.781,29.05,130.98
2026-07-12,UCvfQU0Npb-ve-LxUlaAN1GA,13380,235,5,11,46,0.0,51.25,94.86
2026-07-12,UCxfDVRNK6SoN59v_t3ZJ33A,39664,397,4,26,116,21.517,35.57,125.01
2026-07-12,UCxhHKduxLRNAOC_GUHPPf1Q,25141,268,4,12,84,0.0,29.15,132.8
2026-07-12,UCxxl4xdZZqRSSz2VfnFBhwA,11998,17,3,5,40,10.645,38.36,117.49
2026-07-13,UC01rTYtA_UsuZ5wzxnyHFcg,21680,261,3,26,109,0.0,20.17,237.61
2026-07-13,UC0GVHmLgrxE2SS8F0C19JVg,53201,715,10,45,100,74.113,44.49,190.54
2026-07-13,UC2IjY1Gm6b7pYp-vMJ2R9ig,57490,339,12,38,194,48.402,15.59,183.94
2026-07-13,UC3WZLJlwYaCEurdUywF8ibg,16330,114,3,17,63,0.0,17.32,274.5
2026-07-13,UC49-b-BhbYoG54YNkwmzg8w,3170,21,0,2,12,0.0,13.92,136.04
2026-07-13,UC77WdDKy6cbCxZkC46eaudA,48710,249,4,25,143,29.474,13.09,159.09
2026-07-13,UC80LfoIH6FrzHTm6lXTWCKQ,46130,675,11,43,159,51.64,23.65,151.91
2026-07-13,UC82nFsZOjs5Tr96upPPq9Ww,17902,149,4,16,50,22.665,17.19,239.35
2026-07-13,UC8Fm-ogvMehvbgF0BJjKiuQ,2999,35,0,0,8,1.498,42.15,77.77
2026-07-13,UC8gDq5ENmiVuJZIVsiZbQ8g,1942,26,0,0,3,0.0,59.06,33.93
2026-07-13,UCAkSxwl8Lbk2hBXAAfsEFTA,15614,116,1,18,46,32.138,12.26,272.36
2026-07-13,UCEFB0gMdnD1NyiZaedHg2hQ,54852,496,3,51,149,67.033,16.85,156.73
2026-07-13,UCHONLLEtQ4f9yoqa1BWlhSg,10783,170,3,1,10,2.811,67.06,80.53
2026-07-13,UCIg97fCjw1HnS8vPqwiHLGA,8192,62,0,7,45,5.014,19.64,217.7
2026-07-13,UCL_RZ1IidYQkVQxfimfnPSQ,101659,221,2,8,94,8.616,87.12,22.63
2026-07-13,UCMGKZD9ggu_Pfo4dkL47cXQ,52526,394,3,39,134,47.702,20.12,165.44
2026-07-13,UCP4STX85lq_fpEtvQcq_5fw,15788,99,1,16,56,15.38,16.61,201.96
2026-07-13,UCSlOhfr5f-RPRP50yRri1uA,8089,89,0,5,19,3.06,33.65,89.57
2026-07-13,UCT7ZxKrKqxBvAODr8h_ODkA,33174,371,2,51,116,9.315,23.49,169.37
2026-07-13,UCZem4a64VnhfA4CBw9vM2bg,248550,4701,42,107,197,94.302,73.51,49.92
2026-07-13,UCbnCFV5_c-nGiEQN1anEO5A,415,1,1,0,3,0.224,5.64,99.43
2026-07-13,UCc-V01UlW1n8eGLpATLA5gw,14120,172,1,10,40,0.0,35.47,130.48
2026-07-13,UCctSzoeee7KCnR84dZ6IO7w,11324,155,0,2,14,13.731,19.33,167.96
2026-07-13,UCdtOFTQ1GVPKzvOYsi1ApIw,8881,120,5,11,50,11.349,20.12,272.94
2026-07-13,UCeVTtB1kN607CxFrFkiqjgQ,18968,129,2,16,64,0.0,12.99,222.39
2026-07-13,UCf3lAEw_WPtcgHMUVAunzSw,4409,76,1,5,20,1.051,47.35,77.71
2026-07-13,UChhBhc7qJ42rgzAIPe9z6Cg,2194,19,0,2,9,0.58,12.88,160.41
2026-07-13,UCk2O5vfW3c_W5YWQ_BoD1Ug,361998,4392,17,210,641,55.229,48.41,67.05
2026-07-13,UCm3RYOItKT_P0-oRCkkSMZw,59239,153,4,47,213,55.815,18.24,172.72
2026-07-13,UCnwjt6PgkKuZC4S1A0yTOFQ,52122,-355,2,48,142,51.896,27.28,226.3
2026-07-13,UCsbnInDepLdq6o781WVZ-5g,19615,201,2,25,76,6.947,35.96,112.37
2026-07-13,UCvfQU0Npb-ve-LxUlaAN1GA,9262,191,1,4,20,0.0,25.98,64.25
2026-07-13,UCxfDVRNK6SoN59v_t3ZJ33A,32765,645,4,30,105,24.505,31.43,152.7
2026-07-13,UCxhHKduxLRNAOC_GUHPPf1Q,26690,393,1,20,83,0.0,36.26,117.8
2026-07-13,UCxxl4xdZZqRSSz2VfnFBhwA,8822,118,5,10,23,7.223,55.0,135.08
2026-07-14,UC01rTYtA_UsuZ5wzxnyHFcg,18689,196,6,36,112,0.0,15.2,257.56
2026-07-14,UC0GVHmLgrxE2SS8F0C19JVg,53600,653,11,58,121,79.145,40.63,194.98
2026-07-14,UC2IjY1Gm6b7pYp-vMJ2R9ig,41226,262,5,24,142,39.646,15.63,188.05
2026-07-14,UC3WZLJlwYaCEurdUywF8ibg,15131,123,7,22,65,0.0,16.42,261.83
2026-07-14,UC49-b-BhbYoG54YNkwmzg8w,2587,20,1,5,12,0.0,14.58,143.74
2026-07-14,UC77WdDKy6cbCxZkC46eaudA,37052,246,3,36,125,27.993,13.14,182.81
2026-07-14,UC80LfoIH6FrzHTm6lXTWCKQ,41085,633,14,46,160,44.685,23.61,157.05
2026-07-14,UC82nFsZOjs5Tr96upPPq9Ww,16158,148,2,20,53,23.191,15.46,241.36
2026-07-14,UC8Fm-ogvMehvbgF0BJjKiuQ,2715,44,0,3,8,2.086,39.08,91.79
2026-07-14,UC8gDq5ENmiVuJZIVsiZbQ8g,184,0,0,0,1,0.0,50.78,28.55
2026-07-14,UCAkSxwl8Lbk2hBXAAfsEFTA,13291,111,6,12,42,27.226,12.76,284.57
2026-07-14,UCEFB0gMdnD1NyiZaedHg2hQ,53885,444,2,48,158,61.613,18.38,157.35
2026-07-14,UCHONLLEtQ4f9yoqa1BWlhSg,10700,135,0,1,8,3.025,72.6,89.01
2026-07-14,UCIg97fCjw1HnS8vPqwiHLGA,6663,40,0,7,31,4.508,21.37,211.56
2026-07-14,UCL_RZ1IidYQkVQxfimfnPSQ,64271,168,0,4,72,5.163,87.56,24.25
2026-07-14,UCMGKZD9ggu_Pfo4dkL47cXQ,43651,291,7,35,134,27.424,21.64,154.65
2026-07-14,UCP4STX85lq_fpEtvQcq_5fw,15044,66,1,15,55,13.994,16.0,202.85
2026-07-14,UCSlOhfr5f-RPRP50yRri1uA,8830,84,2,9,23,3.155,29.33,87.55
2026-07-14,UCT7ZxKrKqxBvAODr8h_ODkA,37521,500,6,18,95,7.617,41.18,113.58
2026-07-14,UCZem4a64VnhfA4CBw9vM2bg,16847608,315172,1508,5568,14268,4771.428,72.39,38.72
2026-07-14,UCbnCFV5_c-nGiEQN1anEO5A,1537,2,0,0,3,1.562,2.25,34.17
2026-07-14,UCc-V01UlW1n8eGLpATLA5gw,30824,209,6,18,73,0.0,16.46,121.61
2026-07-14,UCctSzoeee7KCnR84dZ6IO7w,3741,43,0,0,15,6.432,15.9,225.64
2026-07-14,UCdtOFTQ1GVPKzvOYsi1ApIw,9160,81,3,8,55,15.175,17.19,303.33
2026-07-14,UCeVTtB1kN607CxFrFkiqjgQ,16579,177,2,16,66,0.0,15.68,220.07
2026-07-14,UCf3lAEw_WPtcgHMUVAunzSw,3896,70,0,5,20,0.856,45.62,89.17
2026-07-14,UChhBhc7qJ42rgzAIPe9z6Cg,1922,3,0,9,2,0.571,12.66,156.93
2026-07-14,UCk2O5vfW3c_W5YWQ_BoD1Ug,314572,4505,35,170,659,51.923,54.3,69.48
2026-07-14,UCm3RYOItKT_P0-oRCkkSMZw,39799,305,6,39,172,28.072,20.07,191.22
2026-07-14,UCnwjt6PgkKuZC4S1A0yTOFQ,32329,413,7,29,132,38.613,22.87,280.7
2026-07-14,UCsbnInDepLdq6o781WVZ-5g,22898,247,0,20,70,6.899,42.61,96.03
2026-07-14,UCvfQU0Npb-ve-LxUlaAN1GA,7196,67,1,4,27,0.0,30.28,83.27
2026-07-14,UCxfDVRNK6SoN59v_t3ZJ33A,130727,1771,4,6,654,58.476,37.56,91.41
2026-07-14,UCxhHKduxLRNAOC_GUHPPf1Q,190904,2446,8,168,365,21.46,48.31,86.45
2026-07-14,UCxxl4xdZZqRSSz2VfnFBhwA,13644,118,1,10,155,62.939,37.87,109.72
2026-07-15,UC01rTYtA_UsuZ5wzxnyHFcg,16515,170,1,29,89,0.0,15.35,272.96
2026-07-15,UC0GVHmLgrxE2SS8F0C19JVg,37530,517,5,44,85,53.999,51.72,190.09
2026-07-15,UC2IjY1Gm6b7pYp-vMJ2R9ig,40167,260,4,21,143,42.51,15.2,187.61
2026-07-15,UC3WZLJlwYaCEurdUywF8ibg,16060,102,0,6,55,0.0,16.12,253.72
2026-07-15,UC49-b-BhbYoG54YNkwmzg8w,2569,17,0,2,10,0.0,14.71,142.73
2026-07-15,UC77WdDKy6cbCxZkC46eaudA,54623,695,4,26,119,46.386,18.81,160.02
2026-07-15,UC80LfoIH6FrzHTm6lXTWCKQ,37796,816,15,41,139,35.671,31.79,143.4
2026-07-15,UC82nFsZOjs5Tr96upPPq9Ww,16821,143,4,20,72,32.434,14.92,242.41
2026-07-15,UC8Fm-ogvMehvbgF0BJjKiuQ,2966,49,1,0,6,1.26,42.47,77.77
2026-07-15,UC8gDq5ENmiVuJZIVsiZbQ8g,159,2,0,0,2,0.0,69.89,39.97
2026-07-15,UCAkSxwl8Lbk2hBXAAfsEFTA,14178,130,11,14,50,32.898,12.28,290.04
2026-07-15,UCEFB0gMdnD1NyiZaedHg2hQ,46804,394,2,26,139,50.919,18.26,157.09
2026-07-15,UCHONLLEtQ4f9yoqa1BWlhSg,6906,105,0,0,20,4.07,61.41,107.02
2026-07-15,UCIg97fCjw1HnS8vPqwiHLGA,8114,63,0,2,41,4.101,16.54,198.44
2026-07-15,UCL_RZ1IidYQkVQxfimfnPSQ,89099,294,1,12,69,7.18,89.83,21.27
2026-07-15,UCMGKZD9ggu_Pfo4dkL47cXQ,57960,447,3,31,184,22.922,20.97,151.29
2026-07-15,UCP4STX85lq_fpEtvQcq_5fw,13879,80,2,22,60,12.997,15.15,190.41
2026-07-15,UCSlOhfr5f-RPRP50yRri1uA,334196,1972,0,116,464,270.976,10.77,162.01
2026-07-15,UCT7ZxKrKqxBvAODr8h_ODkA,33621,445,2,61,142,13.095,24.65,190.3
2026-07-15,UCZem4a64VnhfA4CBw9vM2bg,208891,4182,30,70,223,75.137,71.38,48.68
2026-07-15,UCbnCFV5_c-nGiEQN1anEO5A,229,3,0,0,2,0.216,6.76,115.56
2026-07-15,UCc-V01UlW1n8eGLpATLA5gw,29068,209,1,20,73,0.0,22.84,109.96
2026-07-15,UCctSzoeee7KCnR84dZ6IO7w,4384,40,3,3,14,7.908,14.94,232.81
2026-07-15,UCdtOFTQ1GVPKzvOYsi1ApIw,11328,-10,1,6,59,15.885,14.05,275.08
2026-07-15,UCeVTtB1kN607CxFrFkiqjgQ,16000,121,6,7,59,0.0,14.25,220.76
2026-07-15,UCf3lAEw_WPtcgHMUVAunzSw,6746,147,1,5,24,1.269,47.39,52.59
2026-07-15,UChhBhc7qJ42rgzAIPe9z6Cg,2186,19,0,2,10,0.462,12.48,145.91
2026-07-15,UCk2O5vfW3c_W5YWQ_BoD1Ug,279923,3798,22,135,586,49.254,54.29,70.65
2026-07-15,UCm3RYOItKT_P0-oRCkkSMZw,39598,306,2,52,177,28.961,19.12,187.31
2026-07-15,UCnwjt6PgkKuZC4S1A0yTOFQ,2404796,28188,812,1508,12528,3266.096,15.79,334.14
2026-07-15,UCsbnInDepLdq6o781WVZ-5g,20905,244,0,11,58,5.177,41.46,88.04
2026-07-15,UCvfQU0Npb-ve-LxUlaAN1GA,11674,233,0,12,37,0.0,38.93,61.43
2026-07-15,UCxfDVRNK6SoN59v_t3ZJ33A,42765,522,4,22,88,31.9,23.05,152.59
2026-07-15,UCxhHKduxLRNAOC_GUHPPf1Q,44505,526,10,35,147,46.716,36.91,140.76
2026-07-15,UCxxl4xdZZqRSSz2VfnFBhwA,10219,121,2,13,35,8.828,34.3,117.75
2026-07-16,UC01rTYtA_UsuZ5wzxnyHFcg,14989,156,1,22,89,0.0,14.83,268.07
2026-07-16,UC0GVHmLgrxE2SS8F0C19JVg,35328,439,7,51,71,47.551,44.68,168.74
2026-07-16,UC2IjY1Gm6b7pYp-vMJ2R9ig,404102,3559,66,103,1122,469.243,16.42,195.53
2026-07-16,UC3WZLJlwYaCEurdUywF8ibg,15434,113,0,42,72,0.0,15.14,235.35
2026-07-16,UC49-b-BhbYoG54YNkwmzg8w,2547,20,1,5,12,0.0,14.54,143.85
2026-07-16,UC77WdDKy6cbCxZkC46eaudA,271091,3632,5,390,646,296.276,11.99,152.93
2026-07-16,UC80LfoIH6FrzHTm6lXTWCKQ,41267,1000,11,35,145,28.047,38.28,120.56
2026-07-16,UC82nFsZOjs5Tr96upPPq9Ww,17621,151,2,19,60,25.735,14.03,232.71
2026-07-16,UC8Fm-ogvMehvbgF0BJjKiuQ,1653,27,1,0,4,0.746,42.44,71.91
2026-07-16,UC8gDq5ENmiVuJZIVsiZbQ8g,443,5,0,0,0,0.0,17.52,67.75
2026-07-16,UCAkSxwl8Lbk2hBXAAfsEFTA,13243,113,4,13,38,23.96,12.81,265.98
2026-07-16,UCEFB0gMdnD1NyiZaedHg2hQ,59605,541,11,41,203,63.143,19.67,150.51
2026-07-16,UCHONLLEtQ4f9yoqa1BWlhSg,8769,127,2,3,12,3.338,71.36,92.8
2026-07-16,UCIg97fCjw1HnS8vPqwiHLGA,7157,56,2,3,36,4.503,18.49,222.44
2026-07-16,UCL_RZ1IidYQkVQxfimfnPSQ,56156,197,1,5,61,5.331,92.77,25.13
2026-07-16,UCMGKZD9ggu_Pfo4dkL47cXQ,46621,361,7,47,167,26.327,21.86,152.14
2026-07-16,UCP4STX85lq_fpEtvQcq_5fw,15843,105,0,15,56,15.02,14.63,186.3
2026-07-16,UCSlOhfr5f-RPRP50yRri1uA,17445,149,1,4,34,4.778,35.26,82.01
2026-07-16,UCT7ZxKrKqxBvAODr8h_ODkA,25845,343,9,57,110,10.007,21.08,198.55
2026-07-16,UCZem4a64VnhfA4CBw9vM2bg,295005,5989,40,109,294,93.219,76.67,46.35
2026-07-16,UCbnCFV5_c-nGiEQN1anEO5A,21870,270,0,0,90,5.85,7.37,133.4
2026-07-16,UCc-V01UlW1n8eGLpATLA5gw,23685,135,1,5,47,0.0,43.3,84.4
2026-07-16,UCctSzoeee7KCnR84dZ6IO7w,5041,60,0,10,33,9.665,15.0,245.43
2026-07-16,UCdtOFTQ1GVPKzvOYsi1ApIw,8800,81,2,9,46,12.809,15.09,290.81
2026-07-16,UCeVTtB1kN607CxFrFkiqjgQ,15962,127,5,11,58,0.0,14.04,219.96
2026-07-16,UCf3lAEw_WPtcgHMUVAunzSw,5078,92,0,8,14,1.097,50.48,58.73
2026-07-16,UChhBhc7qJ42rgzAIPe9z6Cg,1995,19,1,6,18,0.394,13.79,157.47
2026-07-16,UCk2O5vfW3c_W5YWQ_BoD1Ug,401956,5336,18,152,833,40.711,60.01,63.21
2026-07-16,UCm3RYOItKT_P0-oRCkkSMZw,45823,390,2,40,247,32.263,19.34,183.98
2026-07-16,UCnwjt6PgkKuZC4S1A0yTOFQ,30702,297,10,28,117,35.457,17.29,272.62
2026-07-16,UCsbnInDepLdq6o781WVZ-5g,107553,1454,0,111,503,51.666,39.06,94.76
2026-07-16,UCvfQU0Npb-ve-LxUlaAN1GA,9565,167,1,1,29,0.0,39.85,67.02
2026-07-16,UCx08xHWVSQIiujaTJb8HWYg,8,0,0,0,0,0.0,81.59,48.5
2026-07-16,UCxfDVRNK6SoN59v_t3ZJ33A,23371,215,2,19,93,17.054,24.1,178.44
2026-07-16,UCxhHKduxLRNAOC_GUHPPf1Q,38695,559,9,40,125,36.453,29.47,154.54
2026-07-16,UCxxl4xdZZqRSSz2VfnFBhwA,7727,66,1,7,27,8.884,30.01,158.88
2026-07-17,UC01rTYtA_UsuZ5wzxnyHFcg,14222,178,1,40,110,0.0,15.76,294.96
2026-07-17,UC0GVHmLgrxE2SS8F0C19JVg,31981,341,7,30,82,38.445,39.52,156.81
2026-07-17,UC2IjY1Gm6b7pYp-vMJ2R9ig,1328769,4797,0,234,4095,200.538,10.05,118.0
2026-07-17,UC3WZLJlwYaCEurdUywF8ibg,16414,127,0,7,77,0.0,14.75,226.03
2026-07-17,UC49-b-BhbYoG54YNkwmzg8w,2125,11,1,2,10,0.0,13.78,138.54
2026-07-17,UC77WdDKy6cbCxZkC46eaudA,41749,214,6,18,124,23.645,12.21,167.83
2026-07-17,UC80LfoIH6FrzHTm6lXTWCKQ,42267,951,14,31,137,23.428,34.58,120.04
2026-07-17,UC82nFsZOjs5Tr96upPPq9Ww,18181,173,6,11,62,22.295,13.79,232.65
2026-07-17,UC8Fm-ogvMehvbgF0BJjKiuQ,1201,12,0,0,1,0.523,41.09,75.13
2026-07-17,UC8gDq5ENmiVuJZIVsiZbQ8g,338,2,0,0,3,0.0,8.71,87.13
2026-07-17,UCAkSxwl8Lbk2hBXAAfsEFTA,13673,104,7,12,40,21.448,11.69,277.82
2026-07-17,UCEFB0gMdnD1NyiZaedHg2hQ,84718,1131,16,61,237,63.242,33.3,118.63
2026-07-17,UCHONLLEtQ4f9yoqa1BWlhSg,8175,113,0,0,11,2.702,66.52,90.36
2026-07-17,UCIg97fCjw1HnS8vPqwiHLGA,8953,85,1,8,30,4.086,17.03,209.51
2026-07-17,UCL_RZ1IidYQkVQxfimfnPSQ,70255,226,1,6,75,6.308,92.22,23.47
2026-07-17,UCMGKZD9ggu_Pfo4dkL47cXQ,32201,235,3,33,123,20.291,20.7,163.46
2026-07-17,UCP4STX85lq_fpEtvQcq_5fw,19673,83,0,9,39,17.429,15.37,196.42
2026-07-17,UCSlOhfr5f-RPRP50yRri1uA,17983,164,2,14,58,5.831,30.95,104.37
2026-07-17,UCT7ZxKrKqxBvAODr8h_ODkA,24172,329,5,36,106,9.789,15.98,190.96
2026-07-17,UCZem4a64VnhfA4CBw9vM2bg,245329,4226,33,108,259,74.014,77.8,45.03
2026-07-17,UCbnCFV5_c-nGiEQN1anEO5A,321,2,0,0,3,0.119,8.33,156.54
2026-07-17,UCc-V01UlW1n8eGLpATLA5gw,22076,153,2,6,33,0.0,47.49,78.12
2026-07-17,UCctSzoeee7KCnR84dZ6IO7w,5430,50,1,3,15,7.384,23.52,161.68
2026-07-17,UCdtOFTQ1GVPKzvOYsi1ApIw,10160,96,1,4,57,14.258,15.08,264.8
2026-07-17,UCeVTtB1kN607CxFrFkiqjgQ,15367,114,2,13,53,0.0,12.83,210.58
2026-07-17,UCf3lAEw_WPtcgHMUVAunzSw,6742,111,1,4,21,1.094,54.76,50.36
2026-07-17,UChhBhc7qJ42rgzAIPe9z6Cg,2496,24,0,3,15,0.96,13.18,154.01
2026-07-17,UCk2O5vfW3c_W5YWQ_BoD1Ug,1243146,12421,23,368,1981,57.288,69.59,46.96
2026-07-17,UCm3RYOItKT_P0-oRCkkSMZw,48012,340,4,31,200,29.131,18.01,175.57
2026-07-17,UCnwjt6PgkKuZC4S1A0yTOFQ,221640,4051,8,265,1173,185.623,38.01,173.36
2026-07-17,UCsbnInDepLdq6o781WVZ-5g,63503,449,2,18,68,24.357,32.66,77.57
2026-07-17,UCvfQU0Npb-ve-LxUlaAN1GA,15488,252,1,8,45,0.0,36.85,70.89
2026-07-17,UCx08xHWVSQIiujaTJb8HWYg,0,0,117,0,0,0.0,0.0,0.0
2026-07-17,UCxfDVRNK6SoN59v_t3ZJ33A,43632,887,6,22,118,22.215,38.87,138.35
2026-07-17,UCxhHKduxLRNAOC_GUHPPf1Q,38880,369,12,21,144,33.24,23.16,160.7
2026-07-17,UCxxl4xdZZqRSSz2VfnFBhwA,11341,173,3,8,20,8.123,28.3,89.93
2026-07-18,UC01rTYtA_UsuZ5wzxnyHFcg,13908,177,2,23,84,0.0,14.61,269.47
2026-07-18,UC0GVHmLgrxE2SS8F0C19JVg,27793,381,1,11,71,31.038,37.67,156.58
2026-07-18,UC2IjY1Gm6b7pYp-vMJ2R9ig,41083,263,4,15,145,29.98,15.8,172.23
2026-07-18,UC3WZLJlwYaCEurdUywF8ibg,17464,110,2,10,56,0.0,15.03,232.83
2026-07-18,UC49-b-BhbYoG54YNkwmzg8w,2740,26,2,2,7,0.0,14.29,141.5
2026-07-18,UC77WdDKy6cbCxZkC46eaudA,37751,198,3,23,108,23.301,12.56,176.33
2026-07-18,UC80LfoIH6FrzHTm6lXTWCKQ,37855,688,6,36,113,20.111,30.81,134.53
2026-07-18,UC82nFsZOjs5Tr96upPPq9Ww,20550,178,3,14,41,28.289,14.21,251.39
2026-07-18,UC8Fm-ogvMehvbgF0BJjKiuQ,972,34,0,4,1,0.367,35.88,66.29
2026-07-18,UC8gDq5ENmiVuJZIVsiZbQ8g,296,0,0,0,0,0.0,4.68,62.97
2026-07-18,UCAkSxwl8Lbk2hBXAAfsEFTA,13049,94,5,8,40,21.315,11.06,262.93
2026-07-18,UCEFB0gMdnD1NyiZaedHg2hQ,101964,1519,15,52,306,58.515,42.2,103.01
2026-07-18,UCHONLLEtQ4f9yoqa1BWlhSg,9699,134,1,4,11,2.746,65.14,86.57
2026-07-18,UCIg97fCjw1HnS8vPqwiHLGA,9784,52,1,6,27,4.494,17.11,200.32
2026-07-18,UCL_RZ1IidYQkVQxfimfnPSQ,60138,178,1,5,69,5.315,91.44,22.05
2026-07-18,UCMGKZD9ggu_Pfo4dkL47cXQ,32421,243,2,21,131,19.397,24.76,155.86
2026-07-18,UCP4STX85lq_fpEtvQcq_5fw,17021,105,2,30,49,12.136,14.22,173.85
2026-07-18,UCSlOhfr5f-RPRP50yRri1uA,17516,162,0,5,82,5.715,35.23,90.43
2026-07-18,UCT7ZxKrKqxBvAODr8h_ODkA,22507,320,4,30,95,10.413,18.46,191.9
2026-07-18,UCZem4a64VnhfA4CBw9vM2bg,212746,3597,29,70,233,73.888,75.84,48.55
2026-07-18,UCbnCFV5_c-nGiEQN1anEO5A,463,4,0,0,3,0.145,6.76,121.3
2026-07-18,UCc-V01UlW1n8eGLpATLA5gw,14655,108,0,5,20,0.0,33.3,98.33
2026-07-18,UCctSzoeee7KCnR84dZ6IO7w,2917,14,0,1,10,4.759,16.76,226.03
2026-07-18,UCdtOFTQ1GVPKzvOYsi1ApIw,10281,91,2,14,50,15.458,15.52,271.97
2026-07-18,UCeVTtB1kN607CxFrFkiqjgQ,15975,114,2,9,62,0.0,13.18,222.82
2026-07-18,UCf3lAEw_WPtcgHMUVAunzSw,5529,105,0,2,22,1.131,52.06,60.4
2026-07-18,UChhBhc7qJ42rgzAIPe9z6Cg,2581,23,0,1,11,0.446,13.06,143.41
2026-07-18,UCk2O5vfW3c_W5YWQ_BoD1Ug,1251847,11048,28,307,1721,55.15,66.98,46.13
2026-07-18,UCm3RYOItKT_P0-oRCkkSMZw,46696,349,2,34,208,29.964,18.39,186.25
2026-07-18,UCnwjt6PgkKuZC4S1A0yTOFQ,29023,298,6,46,118,28.831,17.08,289.46
2026-07-18,UCsbnInDepLdq6o781WVZ-5g,34105,341,3,22,71,11.204,43.23,100.33
2026-07-18,UCvfQU0Npb-ve-LxUlaAN1GA,14005,240,1,6,41,0.0,37.43,71.66
2026-07-18,UCxfDVRNK6SoN59v_t3ZJ33A,44319,839,9,20,147,20.904,35.11,148.32
2026-07-18,UCxhHKduxLRNAOC_GUHPPf1Q,41328,381,4,34,163,37.958,18.84,164.48
2026-07-18,UCxxl4xdZZqRSSz2VfnFBhwA,5140,47,2,8,17,4.822,27.16,152.46
2026-07-19,UC01rTYtA_UsuZ5wzxnyHFcg,9619,113,1,19,74,0.0,15.21,271.91
2026-07-19,UC0GVHmLgrxE2SS8F0C19JVg,27233,271,4,29,64,36.707,38.98,160.89
2026-07-19,UC2IjY1Gm6b7pYp-vMJ2R9ig,37481,219,7,20,117,32.353,15.58,179.6
2026-07-19,UC3WZLJlwYaCEurdUywF8ibg,17257,133,2,14,75,0.0,15.92,248.68
2026-07-19,UC49-b-BhbYoG54YNkwmzg8w,2092,18,0,1,7,0.0,14.16,139.54
2026-07-19,UC77WdDKy6cbCxZkC46eaudA,35982,212,2,26,122,23.717,12.61,174.36
2026-07-19,UC80LfoIH6FrzHTm6lXTWCKQ,36147,691,10,36,138,23.115,36.15,127.9
2026-07-19,UC82nFsZOjs5Tr96upPPq9Ww,18361,153,2,26,56,22.959,13.75,239.64
2026-07-19,UC8Fm-ogvMehvbgF0BJjKiuQ,711,10,0,0,0,0.43,35.16,68.73
2026-07-19,UC8gDq5ENmiVuJZIVsiZbQ8g,1016,8,0,1,2,0.0,7.63,96.63
2026-07-19,UCAkSxwl8Lbk2hBXAAfsEFTA,21082,236,13,26,79,34.78,12.97,264.92
2026-07-19,UCEFB0gMdnD1NyiZaedHg2hQ,76125,976,11,45,206,58.259,35.68,125.55
2026-07-19,UCHONLLEtQ4f9yoqa1BWlhSg,14434,205,1,1,13,3.598,68.4,83.01
2026-07-19,UCIg97fCjw1HnS8vPqwiHLGA,9972,80,1,18,35,4.429,17.26,196.67
2026-07-19,UCL_RZ1IidYQkVQxfimfnPSQ,78432,261,2,3,81,8.172,89.8,22.37
2026-07-19,UCMGKZD9ggu_Pfo4dkL47cXQ,30469,231,12,24,104,21.176,25.57,164.83
2026-07-19,UCP4STX85lq_fpEtvQcq_5fw,19775,121,2,12,59,12.054,13.1,164.01
2026-07-19,UCSlOhfr5f-RPRP50yRri1uA,26930,232,3,14,64,8.185,47.08,72.34
2026-07-19,UCT7ZxKrKqxBvAODr8h_ODkA,26335,328,6,40,116,14.301,18.9,196.31
2026-07-19,UCZem4a64VnhfA4CBw9vM2bg,206860,3051,36,99,230,83.052,71.2,53.7
2026-07-19,UCbnCFV5_c-nGiEQN1anEO5A,588,3,0,2,5,0.283,6.21,114.6
2026-07-19,UCc-V01UlW1n8eGLpATLA5gw,7367,47,0,3,28,0.0,28.81,137.78
2026-07-19,UCctSzoeee7KCnR84dZ6IO7w,3296,24,0,3,15,7.154,17.91,239.26
2026-07-19,UCdtOFTQ1GVPKzvOYsi1ApIw,9740,93,2,17,66,16.635,14.26,287.11
2026-07-19,UCeVTtB1kN607CxFrFkiqjgQ,14366,84,2,11,58,0.0,12.2,217.43
2026-07-19,UCf3lAEw_WPtcgHMUVAunzSw,3649,68,1,2,17,0.988,42.21,84.19
2026-07-19,UChhBhc7qJ42rgzAIPe9z6Cg,3019,22,1,3,12,0.556,14.89,151.11
2026-07-19,UCk2O5vfW3c_W5YWQ_BoD1Ug,969182,9250,19,276,1502,47.6,64.56,47.96
2026-07-19,UCm3RYOItKT_P0-oRCkkSMZw,49512,337,7,41,199,30.25,17.92,183.5
2026-07-19,UCnwjt6PgkKuZC4S1A0yTOFQ,27514,304,9,30,117,29.035,17.4,300.32
2026-07-19,UCsbnInDepLdq6o781WVZ-5g,28903,357,2,20,82,10.022,46.01,98.85
2026-07-19,UCvfQU0Npb-ve-LxUlaAN1GA,10559,137,3,9,37,0.0,29.94,77.17
2026-07-19,UCxfDVRNK6SoN59v_t3ZJ33A,37483,640,7,31,145,21.486,29.64,160.88
2026-07-19,UCxhHKduxLRNAOC_GUHPPf1Q,36261,305,17,32,148,35.886,16.42,171.59
2026-07-19,UCxxl4xdZZqRSSz2VfnFBhwA,4908,50,1,5,29,5.36,25.12,163.67
2026-07-20,UC01rTYtA_UsuZ5wzxnyHFcg,8122,81,2,12,51,7.371,14.98,276.97
2026-07-20,UC0GVHmLgrxE2SS8F0C19JVg,25196,284,7,22,52,33.983,39.6,171.75
2026-07-20,UC2IjY1Gm6b7pYp-vMJ2R9ig,25813,149,5,19,81,34.965,16.44,230.98
2026-07-20,UC3WZLJlwYaCEurdUywF8ibg,13734,103,2,9,71,0.0,16.13,245.84
2026-07-20,UC49-b-BhbYoG54YNkwmzg8w,1442,9,0,1,6,0.0,15.91,146.91
2026-07-20,UC77WdDKy6cbCxZkC46eaudA,35785,205,1,21,120,23.855,13.39,188.86
2026-07-20,UC80LfoIH6FrzHTm6lXTWCKQ,37711,751,10,41,129,26.068,31.4,135.28
2026-07-20,UC82nFsZOjs5Tr96upPPq9Ww,0,0,0,0,0,18.552,0.0,0.0
2026-07-20,UC8Fm-ogvMehvbgF0BJjKiuQ,646,8,0,0,3,0.221,31.43,69.15
2026-07-20,UC8gDq5ENmiVuJZIVsiZbQ8g,1403,6,1,2,4,0.0,7.98,102.06
2026-07-20,UCAkSxwl8Lbk2hBXAAfsEFTA,20888,205,12,19,86,32.427,12.94,287.99
2026-07-20,UCEFB0gMdnD1NyiZaedHg2hQ,101334,1437,10,52,279,67.801,36.7,120.74
2026-07-20,UCHONLLEtQ4f9yoqa1BWlhSg,15347,244,6,0,21,3.933,66.77,85.61
2026-07-20,UCIg97fCjw1HnS8vPqwiHLGA,10715,64,0,15,39,5.245,17.66,214.49
2026-07-20,UCL_RZ1IidYQkVQxfimfnPSQ,110721,366,5,17,116,8.717,91.7,20.77
2026-07-20,UCMGKZD9ggu_Pfo4dkL47cXQ,35565,277,6,18,125,26.879,24.46,183.44
2026-07-20,UCP4STX85lq_fpEtvQcq_5fw,19309,104,2,16,55,14.342,13.84,174.13
2026-07-20,UCSlOhfr5f-RPRP50yRri1uA,28815,302,1,7,61,7.3,56.93,69.44
2026-07-20,UCT7ZxKrKqxBvAODr8h_ODkA,30855,457,7,60,142,14.644,19.51,204.44
2026-07-20,UCZem4a64VnhfA4CBw9vM2bg,212812,3330,20,95,223,72.103,72.66,52.44
2026-07-20,UCbnCFV5_c-nGiEQN1anEO5A,675,6,1,2,3,0.162,6.04,95.91
2026-07-20,UCc-V01UlW1n8eGLpATLA5gw,7970,79,3,3,19,0.0,29.1,111.45
2026-07-20,UCctSzoeee7KCnR84dZ6IO7w,3767,41,1,8,17,9.391,22.19,248.8
2026-07-20,UCdtOFTQ1GVPKzvOYsi1ApIw,12302,127,3,7,64,22.108,15.3,300.54
2026-07-20,UCeVTtB1kN607CxFrFkiqjgQ,13159,95,6,12,52,13.523,13.01,238.82
2026-07-20,UCf3lAEw_WPtcgHMUVAunzSw,3349,79,0,0,18,0.605,44.69,73.73
2026-07-20,UChhBhc7qJ42rgzAIPe9z6Cg,2734,20,1,1,16,0.801,13.88,152.38
2026-07-20,UCk2O5vfW3c_W5YWQ_BoD1Ug,946683,11400,32,362,1599,55.561,64.98,50.23
2026-07-20,UCm3RYOItKT_P0-oRCkkSMZw,51534,371,8,41,223,30.045,18.4,184.62
2026-07-20,UCnwjt6PgkKuZC4S1A0yTOFQ,29261,288,3,26,114,31.309,18.9,297.09
2026-07-20,UCsbnInDepLdq6o781WVZ-5g,35155,577,1,9,100,9.111,62.84,84.1
2026-07-20,UCvfQU0Npb-ve-LxUlaAN1GA,9755,114,9,10,36,0.0,27.09,81.02
2026-07-20,UCx08xHWVSQIiujaTJb8HWYg,3,0,0,0,0,0.0,0.0,0.0
2026-07-20,UCxfDVRNK6SoN59v_t3ZJ33A,34672,457,7,26,102,20.418,29.67,149.62
2026-07-20,UCxhHKduxLRNAOC_GUHPPf1Q,25779,223,5,28,100,25.18,18.14,168.15
2026-07-20,UCxxl4xdZZqRSSz2VfnFBhwA,6257,70,0,12,16,5.838,35.79,153.83
