date,channel_id,views,likes,comments,shares,subscribers_gained,estimated_revenue,avg_view_pct,avg_view_duration
2026-08-02,UC01rTYtA_UsuZ5wzxnyHFcg,7946,67,1,13,48,13.072,9.67,220.55
2026-08-02,UC0GVHmLgrxE2SS8F0C19JVg,19891,196,1,16,35,26.993,38.4,191.81
2026-08-02,UC2IjY1Gm6b7pYp-vMJ2R9ig,64998,767,158,314,79,64.835,29.93,151.75
2026-08-02,UC3WZLJlwYaCEurdUywF8ibg,6048,54,0,7,27,0.0,16.57,256.82
2026-08-02,UC49-b-BhbYoG54YNkwmzg8w,5778,54,0,4,26,0.0,13.53,154.13
2026-08-02,UC77WdDKy6cbCxZkC46eaudA,36297,247,5,35,119,30.678,14.65,216.33
2026-08-02,UC80LfoIH6FrzHTm6lXTWCKQ,44911,882,6,7,65,11.325,61.19,49.82
2026-08-02,UC82nFsZOjs5Tr96upPPq9Ww,49393,541,5,14,188,52.98,12.86,207.23
2026-08-02,UC8Fm-ogvMehvbgF0BJjKiuQ,273,7,0,0,1,0.061,28.1,76.3
2026-08-02,UC8gDq5ENmiVuJZIVsiZbQ8g,3327,26,0,6,10,0.0,10.44,169.36
2026-08-02,UCAkSxwl8Lbk2hBXAAfsEFTA,25835,693,5,15,51,33.072,16.06,252.53
2026-08-02,UCEFB0gMdnD1NyiZaedHg2hQ,98095,866,6,50,150,52.506,65.86,86.42
2026-08-02,UCHONLLEtQ4f9yoqa1BWlhSg,5454,57,1,0,5,1.403,64.72,90.59
2026-08-02,UCIg97fCjw1HnS8vPqwiHLGA,7417,43,0,3,26,4.1,19.19,208.64
2026-08-02,UCL_RZ1IidYQkVQxfimfnPSQ,9284,42,0,4,19,2.265,74.48,52.72
2026-08-02,UCMGKZD9ggu_Pfo4dkL47cXQ,41820,366,8,24,149,30.386,31.42,189.45
2026-08-02,UCP4STX85lq_fpEtvQcq_5fw,13762,72,1,18,45,8.477,16.79,196.8
2026-08-02,UCSlOhfr5f-RPRP50yRri1uA,10614,67,0,6,31,19.5,21.58,115.06
2026-08-02,UCT7ZxKrKqxBvAODr8h_ODkA,42359,515,16,94,170,25.845,12.23,233.98
2026-08-02,UCZem4a64VnhfA4CBw9vM2bg,213407,4064,46,88,231,70.451,77.93,50.05
2026-08-02,UCbnCFV5_c-nGiEQN1anEO5A,190,-1,0,1,0,0.053,13.83,258.56
2026-08-02,UCc-V01UlW1n8eGLpATLA5gw,25600,222,6,31,115,24.34,7.71,258.73
2026-08-02,UCctSzoeee7KCnR84dZ6IO7w,996,12,0,2,8,2.346,15.78,278.21
2026-08-02,UCdtOFTQ1GVPKzvOYsi1ApIw,17490,234,10,24,66,18.414,20.66,227.63
2026-08-02,UCeVTtB1kN607CxFrFkiqjgQ,3905,45,4,2,10,8.45,12.97,277.27
2026-08-02,UCf3lAEw_WPtcgHMUVAunzSw,3120,48,1,1,13,0.58,38.08,84.46
2026-08-02,UChhBhc7qJ42rgzAIPe9z6Cg,1460,12,0,0,6,0.388,15.01,170.33
2026-08-02,UCk2O5vfW3c_W5YWQ_BoD1Ug,406729,5123,25,138,676,34.689,59.94,58.54
2026-08-02,UCm3RYOItKT_P0-oRCkkSMZw,117535,983,3,23,121,33.681,38.95,81.45
2026-08-02,UCnwjt6PgkKuZC4S1A0yTOFQ,30704,288,6,32,110,25.393,20.14,286.41
2026-08-02,UCsbnInDepLdq6o781WVZ-5g,7664,88,0,8,28,1.756,41.63,79.8
2026-08-02,UCvfQU0Npb-ve-LxUlaAN1GA,11868,148,5,12,48,0.0,22.05,136.65
2026-08-02,UCx08xHWVSQIiujaTJb8HWYg,133,0,0,0,0,0.0,3.79,34.0
2026-08-02,UCxfDVRNK6SoN59v_t3ZJ33A,32701,371,2,18,75,21.253,28.84,130.89
2026-08-02,UCxhHKduxLRNAOC_GUHPPf1Q,27617,213,3,29,76,74.873,12.77,251.27
2026-08-02,UCxxl4xdZZqRSSz2VfnFBhwA,6922,81,4,17,28,10.271,16.0,223.49
2026-08-03,UC01rTYtA_UsuZ5wzxnyHFcg,6066,59,2,10,32,11.161,10.31,241.89
2026-08-03,UC0GVHmLgrxE2SS8F0C19JVg,129962,1111,5,465,197,162.346,33.37,124.53
2026-08-03,UC2IjY1Gm6b7pYp-vMJ2R9ig,41667,239,11,25,89,47.105,18.54,205.6
2026-08-03,UC3WZLJlwYaCEurdUywF8ibg,6601,59,1,15,43,0.0,17.63,269.31
2026-08-03,UC49-b-BhbYoG54YNkwmzg8w,4628,39,3,2,13,0.0,11.88,146.99
2026-08-03,UC77WdDKy6cbCxZkC46eaudA,36643,267,1,37,96,34.57,14.82,213.14
2026-08-03,UC80LfoIH6FrzHTm6lXTWCKQ,24369,404,1,13,57,10.957,47.41,75.57
2026-08-03,UC82nFsZOjs5Tr96upPPq9Ww,14414,111,3,14,43,22.202,10.71,276.4
2026-08-03,UC8Fm-ogvMehvbgF0BJjKiuQ,727,12,1,5,3,0.678,16.43,194.84
2026-08-03,UC8gDq5ENmiVuJZIVsiZbQ8g,6257,70,1,8,16,0.0,18.0,173.03
2026-08-03,UCAkSxwl8Lbk2hBXAAfsEFTA,25594,404,1,15,40,34.08,12.84,191.78
2026-08-03,UCEFB0gMdnD1NyiZaedHg2hQ,58484,616,9,42,161,56.904,35.63,144.01
2026-08-03,UCHONLLEtQ4f9yoqa1BWlhSg,6950,96,3,12,21,16.503,42.64,256.48
2026-08-03,UCIg97fCjw1HnS8vPqwiHLGA,7017,55,0,6,20,3.395,19.84,216.04
2026-08-03,UCL_RZ1IidYQkVQxfimfnPSQ,13476,65,3,3,32,1.83,79.87,41.55
2026-08-03,UCMGKZD9ggu_Pfo4dkL47cXQ,45528,410,5,25,120,32.782,31.67,180.09
2026-08-03,UCP4STX85lq_fpEtvQcq_5fw,14551,88,3,12,33,9.391,16.72,196.24
2026-08-03,UCSlOhfr5f-RPRP50yRri1uA,24991,170,4,22,66,38.565,21.0,128.23
2026-08-03,UCT7ZxKrKqxBvAODr8h_ODkA,47299,599,13,109,173,28.155,10.24,248.43
2026-08-03,UCZem4a64VnhfA4CBw9vM2bg,227240,4390,34,87,187,62.507,76.6,43.39
2026-08-03,UCbnCFV5_c-nGiEQN1anEO5A,152,-3,0,0,0,0.06,17.05,325.59
2026-08-03,UCc-V01UlW1n8eGLpATLA5gw,30003,200,10,50,96,65.541,5.81,220.42
2026-08-03,UCctSzoeee7KCnR84dZ6IO7w,1128,11,0,1,8,3.967,14.84,295.37
2026-08-03,UCdtOFTQ1GVPKzvOYsi1ApIw,17454,309,7,32,80,20.941,20.56,268.84
2026-08-03,UCeVTtB1kN607CxFrFkiqjgQ,6888,69,3,3,22,11.13,22.44,207.64
2026-08-03,UCf3lAEw_WPtcgHMUVAunzSw,2849,47,0,0,16,0.613,40.68,81.95
2026-08-03,UChhBhc7qJ42rgzAIPe9z6Cg,1494,11,0,0,5,0.416,12.84,154.68
2026-08-03,UCk2O5vfW3c_W5YWQ_BoD1Ug,504944,5237,18,123,665,34.928,65.12,51.13
2026-08-03,UCm3RYOItKT_P0-oRCkkSMZw,122635,721,3,29,282,62.161,43.47,92.92
2026-08-03,UCnwjt6PgkKuZC4S1A0yTOFQ,66699,836,5,25,92,68.551,26.51,221.62
2026-08-03,UCsbnInDepLdq6o781WVZ-5g,9824,87,1,11,23,5.264,30.3,136.05
2026-08-03,UCvfQU0Npb-ve-LxUlaAN1GA,66442,1117,5,9,24,0.0,36.22,59.52
2026-08-03,UCx08xHWVSQIiujaTJb8HWYg,3071,11,0,0,9,0.0,21.14,26.85
2026-08-03,UCxfDVRNK6SoN59v_t3ZJ33A,26270,483,8,27,80,17.673,32.55,175.14
2026-08-03,UCxhHKduxLRNAOC_GUHPPf1Q,39516,253,6,35,87,119.741,10.71,244.48
2026-08-03,UCxxl4xdZZqRSSz2VfnFBhwA,17524,172,3,47,52,35.143,14.46,375.03
2026-08-04,UC01rTYtA_UsuZ5wzxnyHFcg,7799,60,2,23,37,11.739,10.51,257.29
2026-08-04,UC0GVHmLgrxE2SS8F0C19JVg,28172,335,8,24,63,36.154,44.28,174.98
2026-08-04,UC2IjY1Gm6b7pYp-vMJ2R9ig,39788,236,8,20,132,48.228,18.99,213.18
2026-08-04,UC3WZLJlwYaCEurdUywF8ibg,7098,62,1,6,37,0.0,16.95,260.71
2026-08-04,UC49-b-BhbYoG54YNkwmzg8w,5097,34,2,19,22,0.0,12.87,153.62
2026-08-04,UC77WdDKy6cbCxZkC46eaudA,33025,251,5,18,89,31.66,15.86,225.97
2026-08-04,UC80LfoIH6FrzHTm6lXTWCKQ,22076,404,4,17,51,13.004,41.6,88.76
2026-08-04,UC82nFsZOjs5Tr96upPPq9Ww,21990,195,6,36,87,30.921,8.85,268.65
2026-08-04,UC8Fm-ogvMehvbgF0BJjKiuQ,1013,10,0,4,3,0.638,18.14,126.68
2026-08-04,UC8gDq5ENmiVuJZIVsiZbQ8g,6541,51,2,9,25,0.0,14.9,228.35
2026-08-04,UCAkSxwl8Lbk2hBXAAfsEFTA,19566,151,5,27,52,52.422,8.39,274.14
2026-08-04,UCEFB0gMdnD1NyiZaedHg2hQ,59601,623,9,31,119,43.119,46.82,116.65
2026-08-04,UCHONLLEtQ4f9yoqa1BWlhSg,21425,478,2,14,158,16.573,62.35,163.16
2026-08-04,UCIg97fCjw1HnS8vPqwiHLGA,33634,496,3,3,21,29.349,22.84,138.5
2026-08-04,UCL_RZ1IidYQkVQxfimfnPSQ,13913,59,0,8,23,1.766,84.06,42.2
2026-08-04,UCMGKZD9ggu_Pfo4dkL47cXQ,576493,3468,167,32,588,380.868,63.37,76.26
2026-08-04,UCP4STX85lq_fpEtvQcq_5fw,14066,69,2,28,48,12.98,17.89,209.09
2026-08-04,UCSlOhfr5f-RPRP50yRri1uA,344759,3034,6,30,1785,183.468,26.24,175.93
2026-08-04,UCT7ZxKrKqxBvAODr8h_ODkA,49077,556,14,96,168,25.445,11.52,265.49
2026-08-04,UCZem4a64VnhfA4CBw9vM2bg,241525,4997,48,80,186,64.945,85.96,37.08
2026-08-04,UCbnCFV5_c-nGiEQN1anEO5A,178,3,0,1,1,0.113,8.72,158.57
2026-08-04,UCc-V01UlW1n8eGLpATLA5gw,26679,205,11,72,119,49.695,8.19,343.37
2026-08-04,UCctSzoeee7KCnR84dZ6IO7w,1136,10,0,5,3,3.413,15.75,267.29
2026-08-04,UCdtOFTQ1GVPKzvOYsi1ApIw,41113,1594,8,166,50,25.549,27.58,138.8
2026-08-04,UCeVTtB1kN607CxFrFkiqjgQ,5350,45,2,8,11,9.339,25.23,248.85
2026-08-04,UCf3lAEw_WPtcgHMUVAunzSw,18661,-40,5,7,33,14.645,33.93,182.62
2026-08-04,UChhBhc7qJ42rgzAIPe9z6Cg,1425,12,0,0,8,0.377,14.43,177.8
2026-08-04,UCk2O5vfW3c_W5YWQ_BoD1Ug,482296,4354,15,136,656,36.436,65.55,50.45
2026-08-04,UCm3RYOItKT_P0-oRCkkSMZw,42919,269,5,25,152,19.235,19.37,175.64
2026-08-04,UCnwjt6PgkKuZC4S1A0yTOFQ,38518,604,3,42,109,31.734,28.57,262.65
2026-08-04,UCsbnInDepLdq6o781WVZ-5g,20470,210,4,19,62,13.297,27.96,185.15
2026-08-04,UCvfQU0Npb-ve-LxUlaAN1GA,7903,65,15,11,24,0.0,11.65,155.39
2026-08-04,UCx08xHWVSQIiujaTJb8HWYg,523,6,0,0,0,0.0,17.3,35.21
2026-08-04,UCxfDVRNK6SoN59v_t3ZJ33A,20888,382,0,16,69,13.239,31.96,191.53
2026-08-04,UCxhHKduxLRNAOC_GUHPPf1Q,35150,258,7,36,88,82.694,11.08,279.04
2026-08-04,UCxxl4xdZZqRSSz2VfnFBhwA,14459,162,2,41,39,20.538,24.24,280.29
2026-08-05,UC01rTYtA_UsuZ5wzxnyHFcg,9670,83,1,34,42,16.35,9.95,258.12
2026-08-05,UC0GVHmLgrxE2SS8F0C19JVg,24643,330,9,33,65,36.607,38.62,192.04
2026-08-05,UC2IjY1Gm6b7pYp-vMJ2R9ig,37474,255,5,15,109,42.26,19.08,211.0
2026-08-05,UC3WZLJlwYaCEurdUywF8ibg,1203923,10419,453,1812,6191,0.0,16.64,253.61
2026-08-05,UC49-b-BhbYoG54YNkwmzg8w,4804,31,1,8,12,0.0,14.0,168.05
2026-08-05,UC77WdDKy6cbCxZkC46eaudA,31225,207,4,21,80,26.319,15.75,217.65
2026-08-05,UC80LfoIH6FrzHTm6lXTWCKQ,16236,257,2,9,42,9.779,38.02,103.43
2026-08-05,UC82nFsZOjs5Tr96upPPq9Ww,1817134,17969,906,2718,7097,2061.452,8.61,276.43
2026-08-05,UC8Fm-ogvMehvbgF0BJjKiuQ,148433,1812,0,0,302,120.8,16.77,129.28
2026-08-05,UC8gDq5ENmiVuJZIVsiZbQ8g,1057906,8909,302,2718,3322,0.0,15.63,254.91
2026-08-05,UCAkSxwl8Lbk2hBXAAfsEFTA,18251,187,5,35,52,38.547,9.36,315.0
2026-08-05,UCEFB0gMdnD1NyiZaedHg2hQ,101139,1195,14,31,192,42.228,64.04,76.39
2026-08-05,UCHONLLEtQ4f9yoqa1BWlhSg,2982,43,3,9,11,4.782,28.08,250.13
2026-08-05,UCIg97fCjw1HnS8vPqwiHLGA,8644,75,5,5,37,7.256,14.13,213.47
2026-08-05,UCL_RZ1IidYQkVQxfimfnPSQ,379916,3322,0,0,2265,129.86,39.28,142.13
2026-08-05,UCMGKZD9ggu_Pfo4dkL47cXQ,48149,413,11,34,138,43.351,27.29,196.41
2026-08-05,UCP4STX85lq_fpEtvQcq_5fw,13995,77,0,19,40,13.263,18.27,210.92
2026-08-05,UCSlOhfr5f-RPRP50yRri1uA,71999,608,2,20,126,34.269,36.51,65.38
2026-08-05,UCT7ZxKrKqxBvAODr8h_ODkA,1535972,22046,0,5134,5738,1053.074,10.89,412.01
2026-08-05,UCZem4a64VnhfA4CBw9vM2bg,7787070,217440,1359,2718,4983,1301.167,98.75,24.18
2026-08-05,UCbnCFV5_c-nGiEQN1anEO5A,162,2,0,0,0,0.05,7.25,104.87
2026-08-05,UCc-V01UlW1n8eGLpATLA5gw,31760,253,12,65,145,57.921,8.3,341.75
2026-08-05,UCctSzoeee7KCnR84dZ6IO7w,900,13,0,2,10,3.139,16.53,292.73
2026-08-05,UCdtOFTQ1GVPKzvOYsi1ApIw,21017,277,3,21,60,27.395,18.81,244.31
2026-08-05,UCeVTtB1kN607CxFrFkiqjgQ,5619,53,4,9,22,10.792,23.46,213.03
2026-08-05,UCf3lAEw_WPtcgHMUVAunzSw,5414,64,2,6,12,6.602,26.95,221.04
2026-08-05,UChhBhc7qJ42rgzAIPe9z6Cg,1512,10,0,1,4,0.505,13.81,166.29
2026-08-05,UCk2O5vfW3c_W5YWQ_BoD1Ug,319854,3281,9,74,487,33.213,61.75,57.95
2026-08-05,UCm3RYOItKT_P0-oRCkkSMZw,45933,268,1,28,163,20.199,19.04,172.96
2026-08-05,UCnwjt6PgkKuZC4S1A0yTOFQ,39215,598,10,60,138,31.197,28.68,261.33
2026-08-05,UCsbnInDepLdq6o781WVZ-5g,18044,146,2,9,49,9.381,31.2,149.35
2026-08-05,UCvfQU0Npb-ve-LxUlaAN1GA,7069,58,3,5,32,0.0,10.49,159.17
2026-08-05,UCx08xHWVSQIiujaTJb8HWYg,545,2,0,0,0,0.0,10.42,35.04
2026-08-05,UCxfDVRNK6SoN59v_t3ZJ33A,25174,443,6,21,84,20.362,24.5,213.85
2026-08-05,UCxhHKduxLRNAOC_GUHPPf1Q,31262,225,8,24,64,71.546,13.47,280.12
2026-08-05,UCxxl4xdZZqRSSz2VfnFBhwA,11677,138,1,18,32,14.375,33.1,213.3
2026-08-06,UC01rTYtA_UsuZ5wzxnyHFcg,13041,126,5,31,46,17.597,9.21,256.44
2026-08-06,UC0GVHmLgrxE2SS8F0C19JVg,28918,286,8,21,38,30.521,46.52,152.77
2026-08-06,UC2IjY1Gm6b7pYp-vMJ2R9ig,33485,191,2,11,101,32.087,19.34,192.07
2026-08-06,UC3WZLJlwYaCEurdUywF8ibg,6620,40,1,4,27,0.0,16.01,239.77
2026-08-06,UC49-b-BhbYoG54YNkwmzg8w,5669,49,2,6,28,0.0,13.58,169.29
2026-08-06,UC77WdDKy6cbCxZkC46eaudA,25629,168,2,17,69,19.012,15.02,212.67
2026-08-06,UC80LfoIH6FrzHTm6lXTWCKQ,13128,205,2,3,47,9.813,36.77,115.61
2026-08-06,UC82nFsZOjs5Tr96upPPq9Ww,29259,279,7,43,82,40.61,14.02,264.66
2026-08-06,UC8Fm-ogvMehvbgF0BJjKiuQ,971,10,0,2,4,0.56,18.52,119.02
2026-08-06,UC8gDq5ENmiVuJZIVsiZbQ8g,6961,54,2,16,21,0.0,14.65,232.58
2026-08-06,UCAkSxwl8Lbk2hBXAAfsEFTA,22171,219,7,35,57,46.8,10.15,319.13
2026-08-06,UCEFB0gMdnD1NyiZaedHg2hQ,75667,888,12,37,162,38.806,54.74,88.83
2026-08-06,UCHONLLEtQ4f9yoqa1BWlhSg,3854,54,0,4,11,4.209,36.79,169.54
2026-08-06,UCIg97fCjw1HnS8vPqwiHLGA,7218,49,3,2,27,8.065,13.01,207.56
2026-08-06,UCL_RZ1IidYQkVQxfimfnPSQ,13130,65,0,10,26,1.391,82.32,38.17
2026-08-06,UCMGKZD9ggu_Pfo4dkL47cXQ,56693,577,8,41,120,46.814,33.74,186.1
2026-08-06,UCP4STX85lq_fpEtvQcq_5fw,14103,83,3,9,46,12.098,17.77,202.3
2026-08-06,UCSlOhfr5f-RPRP50yRri1uA,69728,436,4,23,123,41.492,34.62,65.71
2026-08-06,UCT7ZxKrKqxBvAODr8h_ODkA,64116,717,10,236,170,30.605,12.95,215.29
2026-08-06,UCZem4a64VnhfA4CBw9vM2bg,156154,3701,26,73,102,47.84,80.32,47.59
2026-08-06,UCbnCFV5_c-nGiEQN1anEO5A,144,3,0,0,3,0.065,14.66,117.81
2026-08-06,UCc-V01UlW1n8eGLpATLA5gw,37605,303,7,91,137,58.601,7.63,285.09
2026-08-06,UCctSzoeee7KCnR84dZ6IO7w,1120,12,1,2,4,3.185,16.4,274.5
2026-08-06,UCdtOFTQ1GVPKzvOYsi1ApIw,31980,441,4,32,109,42.342,20.09,258.82
2026-08-06,UCeVTtB1kN607CxFrFkiqjgQ,4264,34,0,1,10,8.883,16.17,247.8
2026-08-06,UCf3lAEw_WPtcgHMUVAunzSw,5146,61,1,4,19,5.571,27.67,197.52
2026-08-06,UChhBhc7qJ42rgzAIPe9z6Cg,1403,11,1,0,8,0.449,12.38,151.96
2026-08-06,UCk2O5vfW3c_W5YWQ_BoD1Ug,332073,3088,12,84,495,28.941,61.57,52.0
2026-08-06,UCm3RYOItKT_P0-oRCkkSMZw,38409,223,2,21,116,15.828,17.78,165.08
2026-08-06,UCnwjt6PgkKuZC4S1A0yTOFQ,35716,456,4,36,124,29.23,25.03,264.44
2026-08-06,UCsbnInDepLdq6o781WVZ-5g,15062,114,3,7,43,7.238,23.76,150.37
2026-08-06,UCvfQU0Npb-ve-LxUlaAN1GA,6346,36,0,4,24,0.0,11.31,157.68
2026-08-06,UCx08xHWVSQIiujaTJb8HWYg,1338,4,0,0,0,0.0,11.75,24.21
2026-08-06,UCxfDVRNK6SoN59v_t3ZJ33A,22583,393,7,16,48,11.025,32.03,157.43
2026-08-06,UCxhHKduxLRNAOC_GUHPPf1Q,28748,227,9,26,62,55.518,14.47,243.24
2026-08-06,UCxxl4xdZZqRSSz2VfnFBhwA,12846,831,1,22,23,10.286,20.92,160.77
2026-08-07,UC01rTYtA_UsuZ5wzxnyHFcg,15179,139,5,36,57,21.358,9.73,287.89
2026-08-07,UC0GVHmLgrxE2SS8F0C19JVg,25258,255,2,25,57,32.316,45.0,173.58
2026-08-07,UC2IjY1Gm6b7pYp-vMJ2R9ig,38170,244,11,14,100,32.269,20.06,185.36
2026-08-07,UC3WZLJlwYaCEurdUywF8ibg,5604,54,1,4,24,0.0,16.18,246.17
2026-08-07,UC49-b-BhbYoG54YNkwmzg8w,5489,40,0,7,15,0.0,12.37,150.67
2026-08-07,UC77WdDKy6cbCxZkC46eaudA,31135,290,7,29,98,26.451,14.67,206.59
2026-08-07,UC80LfoIH6FrzHTm6lXTWCKQ,13727,195,1,11,36,9.325,37.36,110.75
2026-08-07,UC82nFsZOjs5Tr96upPPq9Ww,38095,401,6,65,111,64.456,12.03,334.74
2026-08-07,UC8Fm-ogvMehvbgF0BJjKiuQ,760,10,0,2,2,0.495,20.19,133.94
2026-08-07,UC8gDq5ENmiVuJZIVsiZbQ8g,6120,67,1,15,25,0.0,15.67,248.51
2026-08-07,UCAkSxwl8Lbk2hBXAAfsEFTA,20643,221,6,47,72,41.571,8.28,303.77
2026-08-07,UCEFB0gMdnD1NyiZaedHg2hQ,62768,743,4,77,140,37.074,50.83,103.35
2026-08-07,UCHONLLEtQ4f9yoqa1BWlhSg,3458,80,1,4,13,3.595,41.26,191.85
2026-08-07,UCIg97fCjw1HnS8vPqwiHLGA,154977,1278,4,5,172,222.415,19.27,151.07
2026-08-07,UCL_RZ1IidYQkVQxfimfnPSQ,13958,85,2,4,29,1.684,82.56,38.81
2026-08-07,UCMGKZD9ggu_Pfo4dkL47cXQ,60098,517,13,25,171,43.456,43.95,165.62
2026-08-07,UCP4STX85lq_fpEtvQcq_5fw,240469,695,1,8,818,149.639,16.8,124.08
2026-08-07,UCSlOhfr5f-RPRP50yRri1uA,78383,508,5,16,150,51.996,35.48,66.31
2026-08-07,UCT7ZxKrKqxBvAODr8h_ODkA,95798,956,20,201,233,52.019,9.29,243.59
2026-08-07,UCZem4a64VnhfA4CBw9vM2bg,242336,3697,25,57,408,117.255,58.8,53.72
2026-08-07,UCbnCFV5_c-nGiEQN1anEO5A,160,1,0,2,0,0.162,11.04,111.39
2026-08-07,UCc-V01UlW1n8eGLpATLA5gw,38703,275,7,65,145,72.208,6.73,258.31
2026-08-07,UCctSzoeee7KCnR84dZ6IO7w,1202,8,0,0,3,3.496,15.64,289.91
2026-08-07,UCdtOFTQ1GVPKzvOYsi1ApIw,28984,361,5,21,87,45.17,16.18,241.57
2026-08-07,UCeVTtB1kN607CxFrFkiqjgQ,3470,44,0,3,16,6.51,17.54,247.63
2026-08-07,UCf3lAEw_WPtcgHMUVAunzSw,4670,44,2,8,19,4.918,31.9,185.16
2026-08-07,UChhBhc7qJ42rgzAIPe9z6Cg,1471,10,0,0,9,0.99,13.61,176.67
2026-08-07,UCk2O5vfW3c_W5YWQ_BoD1Ug,348166,3719,15,76,560,34.812,63.68,53.62
2026-08-07,UCm3RYOItKT_P0-oRCkkSMZw,37766,267,3,51,133,16.516,18.53,167.97
2026-08-07,UCnwjt6PgkKuZC4S1A0yTOFQ,33117,418,5,49,135,25.336,24.73,259.19
2026-08-07,UCsbnInDepLdq6o781WVZ-5g,13156,84,0,7,40,4.605,28.95,134.28
2026-08-07,UCvfQU0Npb-ve-LxUlaAN1GA,6964,47,1,4,33,0.0,11.59,176.23
2026-08-07,UCx08xHWVSQIiujaTJb8HWYg,1424,5,0,0,0,0.0,11.72,24.81
2026-08-07,UCxfDVRNK6SoN59v_t3ZJ33A,23726,569,6,26,67,12.202,33.73,147.22
2026-08-07,UCxhHKduxLRNAOC_GUHPPf1Q,27380,195,5,22,76,53.798,14.1,218.28
2026-08-07,UCxxl4xdZZqRSSz2VfnFBhwA,8850,76,1,7,24,9.517,30.43,189.52
2026-08-08,UC01rTYtA_UsuZ5wzxnyHFcg,15043,145,3,36,60,23.122,9.14,284.16
2026-08-08,UC0GVHmLgrxE2SS8F0C19JVg,22460,251,2,5,42,30.373,39.22,185.7
2026-08-08,UC2IjY1Gm6b7pYp-vMJ2R9ig,41859,253,6,26,94,33.74,19.81,180.71
2026-08-08,UC3WZLJlwYaCEurdUywF8ibg,6007,61,4,6,37,0.0,16.85,254.06
2026-08-08,UC49-b-BhbYoG54YNkwmzg8w,8876,65,5,4,33,0.0,11.25,162.85
2026-08-08,UC77WdDKy6cbCxZkC46eaudA,36042,246,4,34,109,26.953,14.63,205.14
2026-08-08,UC80LfoIH6FrzHTm6lXTWCKQ,13201,192,1,4,44,9.156,36.06,113.25
2026-08-08,UC82nFsZOjs5Tr96upPPq9Ww,31974,360,5,40,100,48.138,13.13,323.26
2026-08-08,UC8Fm-ogvMehvbgF0BJjKiuQ,500,10,4,0,0,0.319,23.54,163.63
2026-08-08,UC8gDq5ENmiVuJZIVsiZbQ8g,5970,55,3,13,18,0.0,15.69,249.55
2026-08-08,UCAkSxwl8Lbk2hBXAAfsEFTA,20472,213,6,35,76,41.772,8.76,312.63
2026-08-08,UCEFB0gMdnD1NyiZaedHg2hQ,78449,1057,12,35,171,39.256,53.94,90.67
2026-08-08,UCHONLLEtQ4f9yoqa1BWlhSg,4426,81,1,1,11,4.946,36.52,204.48
2026-08-08,UCIg97fCjw1HnS8vPqwiHLGA,7325,76,1,5,22,8.682,14.48,231.28
2026-08-08,UCL_RZ1IidYQkVQxfimfnPSQ,16233,72,0,3,36,1.965,85.1,37.11
2026-08-08,UCMGKZD9ggu_Pfo4dkL47cXQ,61616,572,12,30,152,38.32,43.41,152.71
2026-08-08,UCP4STX85lq_fpEtvQcq_5fw,16337,134,0,7,49,10.917,16.96,185.86
2026-08-08,UCSlOhfr5f-RPRP50yRri1uA,74935,501,5,38,140,72.066,32.92,90.38
2026-08-08,UCT7ZxKrKqxBvAODr8h_ODkA,75262,779,15,137,215,48.331,10.41,255.97
2026-08-08,UCZem4a64VnhfA4CBw9vM2bg,135200,2989,20,70,100,39.637,74.68,45.69
2026-08-08,UCbnCFV5_c-nGiEQN1anEO5A,144,-1,0,0,1,0.041,6.98,93.45
2026-08-08,UCc-V01UlW1n8eGLpATLA5gw,255922,1644,23,358,778,194.336,18.58,126.54
2026-08-08,UCctSzoeee7KCnR84dZ6IO7w,7520,20,0,1,5,6.132,23.23,111.63
2026-08-08,UCdtOFTQ1GVPKzvOYsi1ApIw,28018,349,3,42,94,50.451,16.7,301.69
2026-08-08,UCeVTtB1kN607CxFrFkiqjgQ,2400,15,2,0,10,4.318,19.5,257.39
2026-08-08,UCf3lAEw_WPtcgHMUVAunzSw,18338,143,1,3,25,10.21,56.37,71.75
2026-08-08,UChhBhc7qJ42rgzAIPe9z6Cg,1621,15,0,2,12,0.656,12.4,159.98
2026-08-08,UCk2O5vfW3c_W5YWQ_BoD1Ug,545707,4807,20,102,722,34.607,67.15,44.31
2026-08-08,UCm3RYOItKT_P0-oRCkkSMZw,42435,263,3,40,155,16.847,18.36,168.57
2026-08-08,UCnwjt6PgkKuZC4S1A0yTOFQ,32321,425,4,31,113,23.033,22.67,262.26
2026-08-08,UCsbnInDepLdq6o781WVZ-5g,18619,133,1,10,54,4.617,34.76,119.91
2026-08-08,UCvfQU0Npb-ve-LxUlaAN1GA,7447,50,2,7,25,0.0,11.04,180.73
2026-08-08,UCx08xHWVSQIiujaTJb8HWYg,3076,10,1,0,2,0.0,19.8,27.8
2026-08-08,UCxfDVRNK6SoN59v_t3ZJ33A,24770,475,7,23,73,10.832,34.72,144.51
2026-08-08,UCxhHKduxLRNAOC_GUHPPf1Q,1993565,20050,469,1582,5027,3070.344,22.72,249.51
2026-08-08,UCxxl4xdZZqRSSz2VfnFBhwA,8554,93,2,4,20,11.487,22.59,196.13
2026-08-09,UC01rTYtA_UsuZ5wzxnyHFcg,17052,163,4,39,103,23.277,8.97,286.54
2026-08-09,UC0GVHmLgrxE2SS8F0C19JVg,22404,280,4,18,54,29.63,36.08,186.43
2026-08-09,UC2IjY1Gm6b7pYp-vMJ2R9ig,1244070,11849,324,1118,2316,1690.509,14.32,192.27
2026-08-09,UC3WZLJlwYaCEurdUywF8ibg,6185,76,1,3,29,0.0,16.77,252.43
2026-08-09,UC49-b-BhbYoG54YNkwmzg8w,9617,72,1,2,39,0.0,10.3,145.29
2026-08-09,UC77WdDKy6cbCxZkC46eaudA,37772,282,4,49,126,26.815,13.47,187.55
2026-08-09,UC80LfoIH6FrzHTm6lXTWCKQ,11336,160,2,5,35,6.973,35.59,119.29
2026-08-09,UC82nFsZOjs5Tr96upPPq9Ww,28310,294,6,32,103,41.729,12.92,332.44
2026-08-09,UC8Fm-ogvMehvbgF0BJjKiuQ,181,2,0,0,0,0.217,23.95,174.59
2026-08-09,UC8gDq5ENmiVuJZIVsiZbQ8g,6424,59,1,3,29,0.0,14.87,233.69
2026-08-09,UCAkSxwl8Lbk2hBXAAfsEFTA,17821,198,4,25,69,36.558,8.97,315.87
2026-08-09,UCEFB0gMdnD1NyiZaedHg2hQ,66493,995,6,44,185,37.386,41.58,107.58
2026-08-09,UCHONLLEtQ4f9yoqa1BWlhSg,4975,123,2,5,19,5.746,36.81,215.49
2026-08-09,UCIg97fCjw1HnS8vPqwiHLGA,8695,67,0,3,36,8.235,15.48,217.12
2026-08-09,UCL_RZ1IidYQkVQxfimfnPSQ,15568,107,0,12,38,1.985,78.53,39.31
2026-08-09,UCMGKZD9ggu_Pfo4dkL47cXQ,52103,483,8,49,152,46.623,31.72,194.37
2026-08-09,UCP4STX85lq_fpEtvQcq_5fw,16791,110,3,10,57,9.978,16.55,180.94
2026-08-09,UCSlOhfr5f-RPRP50yRri1uA,86325,438,6,25,136,93.771,25.54,78.57
2026-08-09,UCT7ZxKrKqxBvAODr8h_ODkA,60947,690,10,106,204,41.078,10.17,265.25
2026-08-09,UCZem4a64VnhfA4CBw9vM2bg,142262,3373,25,95,124,47.234,69.71,47.94
2026-08-09,UCbnCFV5_c-nGiEQN1anEO5A,165,1,0,0,0,0.504,5.22,87.15
2026-08-09,UCc-V01UlW1n8eGLpATLA5gw,31454,233,10,64,149,41.302,7.97,275.16
2026-08-09,UCctSzoeee7KCnR84dZ6IO7w,1153,10,1,0,3,3.299,15.97,291.05
2026-08-09,UCdtOFTQ1GVPKzvOYsi1ApIw,30832,404,1,17,83,23.79,13.1,168.47
2026-08-09,UCeVTtB1kN607CxFrFkiqjgQ,2194,22,1,1,7,4.63,16.79,272.84
2026-08-09,UCf3lAEw_WPtcgHMUVAunzSw,17802,151,1,13,25,7.815,62.35,59.68
2026-08-09,UChhBhc7qJ42rgzAIPe9z6Cg,2058,16,0,5,17,1.032,12.8,168.68
2026-08-09,UCk2O5vfW3c_W5YWQ_BoD1Ug,442537,3915,9,79,584,32.187,62.55,44.96
2026-08-09,UCm3RYOItKT_P0-oRCkkSMZw,45266,364,5,34,187,17.302,17.95,165.67
2026-08-09,UCnwjt6PgkKuZC4S1A0yTOFQ,30681,357,5,39,99,24.123,20.71,284.13
2026-08-09,UCsbnInDepLdq6o781WVZ-5g,24384,160,0,12,72,5.803,25.5,137.81
2026-08-09,UCvfQU0Npb-ve-LxUlaAN1GA,6423,58,1,3,20,0.0,10.46,166.79
2026-08-09,UCx08xHWVSQIiujaTJb8HWYg,3939,6,0,0,8,0.0,13.94,25.93
2026-08-09,UCxfDVRNK6SoN59v_t3ZJ33A,20426,393,3,22,67,9.5,32.34,153.7
2026-08-09,UCxhHKduxLRNAOC_GUHPPf1Q,30653,207,8,32,80,58.079,17.35,201.96
2026-08-09,UCxxl4xdZZqRSSz2VfnFBhwA,8068,75,2,11,15,11.421,17.75,262.67
2026-08-10,UC01rTYtA_UsuZ5wzxnyHFcg,12855,138,3,20,64,14.645,8.89,291.93
2026-08-10,UC0GVHmLgrxE2SS8F0C19JVg,25801,242,4,14,40,43.26,33.57,200.42
2026-08-10,UC2IjY1Gm6b7pYp-vMJ2R9ig,52628,300,5,16,141,35.287,19.48,159.11
2026-08-10,UC3WZLJlwYaCEurdUywF8ibg,6535,63,1,1,45,0.0,16.02,244.91
2026-08-10,UC49-b-BhbYoG54YNkwmzg8w,9341,69,1,5,41,0.0,9.23,143.44
2026-08-10,UC77WdDKy6cbCxZkC46eaudA,40156,240,11,34,95,26.529,12.87,179.58
2026-08-10,UC80LfoIH6FrzHTm6lXTWCKQ,16884,410,5,24,46,9.126,44.4,89.57
2026-08-10,UC82nFsZOjs5Tr96upPPq9Ww,25153,245,7,33,89,37.72,12.36,335.59
2026-08-10,UC8Fm-ogvMehvbgF0BJjKiuQ,203,7,0,0,0,0.146,23.0,124.27
2026-08-10,UC8gDq5ENmiVuJZIVsiZbQ8g,10050,101,3,8,30,0.0,27.91,194.44
2026-08-10,UCAkSxwl8Lbk2hBXAAfsEFTA,39373,457,6,28,207,71.883,6.4,266.38
2026-08-10,UCEFB0gMdnD1NyiZaedHg2hQ,69157,900,20,69,194,43.838,30.26,119.89
2026-08-10,UCHONLLEtQ4f9yoqa1BWlhSg,3656,129,2,5,21,5.159,34.34,207.42
2026-08-10,UCIg97fCjw1HnS8vPqwiHLGA,257657,1706,4,277,1377,224.739,17.99,120.99
2026-08-10,UCL_RZ1IidYQkVQxfimfnPSQ,18423,67,2,5,26,2.362,85.5,37.34
2026-08-10,UCMGKZD9ggu_Pfo4dkL47cXQ,50303,424,8,26,179,47.825,23.34,216.03
2026-08-10,UCP4STX85lq_fpEtvQcq_5fw,21229,153,2,13,86,13.36,15.85,174.44
2026-08-10,UCSlOhfr5f-RPRP50yRri1uA,256396,4274,5,57,107,105.442,42.4,57.43
2026-08-10,UCT7ZxKrKqxBvAODr8h_ODkA,88166,926,8,125,251,50.214,12.12,217.64
2026-08-10,UCZem4a64VnhfA4CBw9vM2bg,178028,5127,34,83,126,47.248,72.03,41.76
2026-08-10,UCbnCFV5_c-nGiEQN1anEO5A,535,3,0,0,2,0.086,3.9,64.1
2026-08-10,UCc-V01UlW1n8eGLpATLA5gw,31793,247,8,73,140,43.005,7.92,281.06
2026-08-10,UCctSzoeee7KCnR84dZ6IO7w,1051,12,0,1,5,2.561,18.2,249.76
2026-08-10,UCdtOFTQ1GVPKzvOYsi1ApIw,23712,275,6,27,107,38.73,12.78,306.78
2026-08-10,UCeVTtB1kN607CxFrFkiqjgQ,11947,117,3,12,27,26.529,12.76,309.54
2026-08-10,UCf3lAEw_WPtcgHMUVAunzSw,8904,127,0,1,14,6.034,60.31,89.58
2026-08-10,UChhBhc7qJ42rgzAIPe9z6Cg,2075,19,0,1,11,0.563,12.63,168.4
2026-08-10,UCk2O5vfW3c_W5YWQ_BoD1Ug,228632,3119,15,58,353,39.368,57.43,62.15
2026-08-10,UCm3RYOItKT_P0-oRCkkSMZw,54449,306,1,37,180,19.345,17.81,158.06
2026-08-10,UCnwjt6PgkKuZC4S1A0yTOFQ,339482,10468,3,37,1327,120.327,50.9,107.29
2026-08-10,UCsbnInDepLdq6o781WVZ-5g,23904,116,1,11,66,5.152,18.08,153.0
2026-08-10,UCvfQU0Npb-ve-LxUlaAN1GA,5706,42,0,4,26,0.0,10.68,164.06
2026-08-10,UCx08xHWVSQIiujaTJb8HWYg,4624,15,0,1,6,0.0,14.66,46.23
2026-08-10,UCxfDVRNK6SoN59v_t3ZJ33A,26544,587,8,22,80,10.712,37.15,125.2
2026-08-10,UCxhHKduxLRNAOC_GUHPPf1Q,19624,139,2,26,42,36.596,16.85,218.09
2026-08-10,UCxxl4xdZZqRSSz2VfnFBhwA,14469,132,7,22,23,23.467,20.96,253.51
2026-08-11,UC01rTYtA_UsuZ5wzxnyHFcg,7872,76,0,26,41,8.352,8.84,286.71
2026-08-11,UC0GVHmLgrxE2SS8F0C19JVg,22841,237,4,16,53,42.57,28.24,234.77
2026-08-11,UC2IjY1Gm6b7pYp-vMJ2R9ig,48611,248,4,36,120,33.42,18.97,153.92
2026-08-11,UC3WZLJlwYaCEurdUywF8ibg,7171,56,1,11,32,0.0,14.81,225.84
2026-08-11,UC49-b-BhbYoG54YNkwmzg8w,8918,84,3,2,21,0.0,14.12,143.29
2026-08-11,UC77WdDKy6cbCxZkC46eaudA,65959,125,2,29,113,34.923,18.1,151.02
2026-08-11,UC80LfoIH6FrzHTm6lXTWCKQ,21735,567,5,9,57,8.756,45.85,80.04
2026-08-11,UC82nFsZOjs5Tr96upPPq9Ww,24523,248,4,23,91,36.523,13.43,347.51
2026-08-11,UC8Fm-ogvMehvbgF0BJjKiuQ,274,5,1,0,2,0.315,34.85,145.41
2026-08-11,UC8gDq5ENmiVuJZIVsiZbQ8g,9803,82,0,13,31,0.0,18.6,192.62
2026-08-11,UCAkSxwl8Lbk2hBXAAfsEFTA,19751,211,4,21,73,31.374,11.05,274.31
2026-08-11,UCEFB0gMdnD1NyiZaedHg2hQ,63316,636,6,58,176,41.667,24.64,124.71
2026-08-11,UCHONLLEtQ4f9yoqa1BWlhSg,2266,53,0,5,6,3.79,27.82,186.61
2026-08-11,UCIg97fCjw1HnS8vPqwiHLGA,23094,181,5,31,73,46.896,10.29,257.39
2026-08-11,UCL_RZ1IidYQkVQxfimfnPSQ,30910,111,0,1,34,2.462,90.96,28.65
2026-08-11,UCMGKZD9ggu_Pfo4dkL47cXQ,59278,506,9,48,192,48.556,19.76,205.65
2026-08-11,UCP4STX85lq_fpEtvQcq_5fw,20033,112,2,22,50,12.454,15.7,181.61
2026-08-11,UCSlOhfr5f-RPRP50yRri1uA,62554,384,4,45,116,54.098,28.77,93.3
2026-08-11,UCT7ZxKrKqxBvAODr8h_ODkA,65318,629,11,90,221,47.836,9.75,253.94
2026-08-11,UCZem4a64VnhfA4CBw9vM2bg,139110,3113,25,62,108,36.092,70.39,41.09
2026-08-11,UCbnCFV5_c-nGiEQN1anEO5A,724,1,0,0,0,0.127,3.16,51.33
2026-08-11,UCc-V01UlW1n8eGLpATLA5gw,44560,303,5,49,131,40.553,16.38,196.34
2026-08-11,UCctSzoeee7KCnR84dZ6IO7w,1017,12,0,0,6,2.641,15.67,230.69
2026-08-11,UCdtOFTQ1GVPKzvOYsi1ApIw,650561,5776,5,429,1919,1169.281,10.14,283.01
2026-08-11,UCeVTtB1kN607CxFrFkiqjgQ,13590,214,4,7,38,19.561,19.67,249.43
2026-08-11,UCf3lAEw_WPtcgHMUVAunzSw,30408,211,0,1,87,9.735,58.32,47.93
2026-08-11,UChhBhc7qJ42rgzAIPe9z6Cg,2548,19,0,3,12,1.104,11.94,160.4
2026-08-11,UCk2O5vfW3c_W5YWQ_BoD1Ug,254673,2673,17,87,395,36.45,56.35,59.51
2026-08-11,UCm3RYOItKT_P0-oRCkkSMZw,57237,346,2,34,180,18.521,16.1,149.26
2026-08-11,UCnwjt6PgkKuZC4S1A0yTOFQ,32395,236,5,41,111,26.45,15.98,280.57
2026-08-11,UCsbnInDepLdq6o781WVZ-5g,24330,121,0,9,70,5.868,16.65,156.67
2026-08-11,UCvfQU0Npb-ve-LxUlaAN1GA,4639,33,0,5,16,0.0,11.21,182.63
2026-08-11,UCx08xHWVSQIiujaTJb8HWYg,13444,276,1,1,40,0.0,43.62,55.38
2026-08-11,UCxfDVRNK6SoN59v_t3ZJ33A,26006,618,1,26,55,10.308,38.6,129.44
2026-08-11,UCxhHKduxLRNAOC_GUHPPf1Q,36616,449,8,24,72,39.716,23.45,169.34
2026-08-11,UCxxl4xdZZqRSSz2VfnFBhwA,10243,108,1,13,23,13.559,27.13,207.0
2026-08-12,UC01rTYtA_UsuZ5wzxnyHFcg,6099,46,2,8,21,6.667,9.78,301.16
2026-08-12,UC0GVHmLgrxE2SS8F0C19JVg,52527,833,6,8,35,43.419,38.85,124.97
2026-08-12,UC2IjY1Gm6b7pYp-vMJ2R9ig,44106,249,12,25,125,33.605,19.06,156.98
2026-08-12,UC3WZLJlwYaCEurdUywF8ibg,7457,65,0,7,40,0.0,15.02,229.25
2026-08-12,UC49-b-BhbYoG54YNkwmzg8w,10016,120,1,5,45,0.0,19.22,141.24
2026-08-12,UC77WdDKy6cbCxZkC46eaudA,36562,223,3,39,83,24.51,13.68,184.51
2026-08-12,UC80LfoIH6FrzHTm6lXTWCKQ,26441,638,10,11,55,8.547,53.75,74.38
2026-08-12,UC82nFsZOjs5Tr96upPPq9Ww,23744,231,7,28,79,34.014,12.59,327.7
2026-08-12,UC8Fm-ogvMehvbgF0BJjKiuQ,188,4,0,0,3,0.193,32.9,93.35
2026-08-12,UC8gDq5ENmiVuJZIVsiZbQ8g,7649,85,0,10,22,0.0,15.52,186.82
2026-08-12,UCAkSxwl8Lbk2hBXAAfsEFTA,15215,139,5,9,60,23.291,10.33,275.27
2026-08-12,UCEFB0gMdnD1NyiZaedHg2hQ,55020,457,4,45,184,42.581,21.17,132.81
2026-08-12,UCHONLLEtQ4f9yoqa1BWlhSg,2001,30,0,2,6,3.372,23.76,210.36
2026-08-12,UCIg97fCjw1HnS8vPqwiHLGA,215957,513,2,31,555,218.942,12.75,123.9
2026-08-12,UCL_RZ1IidYQkVQxfimfnPSQ,25795,110,0,7,35,2.229,92.6,32.61
2026-08-12,UCMGKZD9ggu_Pfo4dkL47cXQ,65963,575,15,58,207,44.164,24.72,186.14
2026-08-12,UCP4STX85lq_fpEtvQcq_5fw,20716,119,0,23,44,10.296,15.25,184.08
2026-08-12,UCSlOhfr5f-RPRP50yRri1uA,55981,393,4,46,121,46.328,31.98,91.74
2026-08-12,UCT7ZxKrKqxBvAODr8h_ODkA,54159,579,8,114,211,39.784,10.08,253.41
2026-08-12,UCZem4a64VnhfA4CBw9vM2bg,102913,2113,6,30,88,36.002,69.99,48.71
2026-08-12,UCbnCFV5_c-nGiEQN1anEO5A,251,1,0,1,0,0.054,4.99,68.44
2026-08-12,UCc-V01UlW1n8eGLpATLA5gw,30806,234,7,44,137,65.72,7.17,271.97
2026-08-12,UCctSzoeee7KCnR84dZ6IO7w,993,6,0,1,3,3.3,16.29,261.5
2026-08-12,UCdtOFTQ1GVPKzvOYsi1ApIw,20089,241,1,36,115,28.397,10.96,311.47
2026-08-12,UCeVTtB1kN607CxFrFkiqjgQ,12063,130,3,12,30,16.554,19.42,254.08
2026-08-12,UCf3lAEw_WPtcgHMUVAunzSw,11630,106,0,6,25,3.668,57.11,55.92
2026-08-12,UChhBhc7qJ42rgzAIPe9z6Cg,2176,12,1,2,7,1.183,12.47,160.89
2026-08-12,UCk2O5vfW3c_W5YWQ_BoD1Ug,37039146,390001,2592,11023,61257,3163.05,62.03,55.68
2026-08-12,UCm3RYOItKT_P0-oRCkkSMZw,60599,401,2,34,217,21.753,16.36,153.06
2026-08-12,UCnwjt6PgkKuZC4S1A0yTOFQ,29921,322,8,18,93,23.092,18.45,276.37
2026-08-12,UCsbnInDepLdq6o781WVZ-5g,20342,109,1,12,56,4.757,18.35,150.37
2026-08-12,UCvfQU0Npb-ve-LxUlaAN1GA,4309,33,2,5,11,2.624,11.17,206.7
2026-08-12,UCx08xHWVSQIiujaTJb8HWYg,17474,459,1,2,48,0.0,50.62,60.05
2026-08-12,UCxfDVRNK6SoN59v_t3ZJ33A,24005,554,2,23,83,9.234,39.74,128.12
2026-08-12,UCxhHKduxLRNAOC_GUHPPf1Q,21518,192,4,25,61,28.988,17.04,194.1
2026-08-12,UCxxl4xdZZqRSSz2VfnFBhwA,7870,91,2,15,20,11.948,23.77,224.95
2026-08-13,UC01rTYtA_UsuZ5wzxnyHFcg,4740,45,1,8,17,5.651,10.2,308.72
2026-08-13,UC0GVHmLgrxE2SS8F0C19JVg,18149,138,1,13,48,28.69,33.77,209.71
2026-08-13,UC2IjY1Gm6b7pYp-vMJ2R9ig,24415,149,19,12,95,30.881,16.35,221.41
2026-08-13,UC3WZLJlwYaCEurdUywF8ibg,6637,35,0,5,27,0.0,15.82,242.71
2026-08-13,UC49-b-BhbYoG54YNkwmzg8w,7611,65,2,3,22,0.0,11.77,149.24
2026-08-13,UC77WdDKy6cbCxZkC46eaudA,35879,174,5,30,110,22.181,14.19,189.14
2026-08-13,UC80LfoIH6FrzHTm6lXTWCKQ,22257,480,14,11,48,7.406,51.96,75.88
2026-08-13,UC82nFsZOjs5Tr96upPPq9Ww,19361,227,4,34,64,21.145,12.62,302.93
2026-08-13,UC8Fm-ogvMehvbgF0BJjKiuQ,165,2,0,0,0,0.126,33.76,136.47
2026-08-13,UC8gDq5ENmiVuJZIVsiZbQ8g,8688,84,2,16,19,0.0,24.09,173.05
2026-08-13,UCAkSxwl8Lbk2hBXAAfsEFTA,15472,128,1,13,67,20.478,13.17,239.24
2026-08-13,UCEFB0gMdnD1NyiZaedHg2hQ,47830,322,4,36,148,36.715,21.79,137.26
2026-08-13,UCHONLLEtQ4f9yoqa1BWlhSg,2055,14,1,1,10,4.109,27.04,201.85
2026-08-13,UCIg97fCjw1HnS8vPqwiHLGA,33820,224,6,69,80,59.363,8.43,245.21
2026-08-13,UCL_RZ1IidYQkVQxfimfnPSQ,24807,83,0,2,51,2.22,93.71,35.56
2026-08-13,UCMGKZD9ggu_Pfo4dkL47cXQ,58680,589,9,42,205,35.356,26.47,183.11
2026-08-13,UCP4STX85lq_fpEtvQcq_5fw,19243,97,1,24,51,11.068,15.95,191.51
2026-08-13,UCSlOhfr5f-RPRP50yRri1uA,65616,405,5,67,137,39.436,31.85,102.08
2026-08-13,UCT7ZxKrKqxBvAODr8h_ODkA,45844,478,4,110,158,33.947,10.88,250.87
2026-08-13,UCZem4a64VnhfA4CBw9vM2bg,111176,2158,19,33,95,35.383,81.73,42.7
2026-08-13,UCbnCFV5_c-nGiEQN1anEO5A,212,2,0,1,2,0.095,10.29,126.52
2026-08-13,UCc-V01UlW1n8eGLpATLA5gw,27747,212,6,41,127,60.43,6.71,270.74
2026-08-13,UCctSzoeee7KCnR84dZ6IO7w,1111,7,0,2,5,2.964,15.64,269.43
2026-08-13,UCdtOFTQ1GVPKzvOYsi1ApIw,20568,164,5,29,83,28.221,9.48,280.26
2026-08-13,UCeVTtB1kN607CxFrFkiqjgQ,9272,100,2,6,38,11.685,14.82,290.5
2026-08-13,UCf3lAEw_WPtcgHMUVAunzSw,5664,57,0,3,18,2.669,54.25,87.73
2026-08-13,UChhBhc7qJ42rgzAIPe9z6Cg,2051,9,0,0,12,1.156,12.8,156.89
2026-08-13,UCk2O5vfW3c_W5YWQ_BoD1Ug,202121,2180,12,50,341,36.383,55.62,67.47
2026-08-13,UCm3RYOItKT_P0-oRCkkSMZw,60716,320,5,45,195,24.66,17.38,164.84
2026-08-13,UCnwjt6PgkKuZC4S1A0yTOFQ,27110,245,5,36,99,21.652,17.7,291.26
2026-08-13,UCsbnInDepLdq6o781WVZ-5g,15033,81,1,17,49,3.964,19.03,149.05
2026-08-13,UCvfQU0Npb-ve-LxUlaAN1GA,4075,40,1,7,14,4.64,11.54,199.45
2026-08-13,UCx08xHWVSQIiujaTJb8HWYg,31340,1130,5,28,125,0.0,57.4,67.74
2026-08-13,UCxfDVRNK6SoN59v_t3ZJ33A,76782,233,0,5,358,50.564,32.51,86.25
2026-08-13,UCxhHKduxLRNAOC_GUHPPf1Q,18949,155,3,20,56,26.469,13.85,204.74
2026-08-13,UCxxl4xdZZqRSSz2VfnFBhwA,7974,91,1,11,26,12.401,26.57,204.7
2026-08-14,UC01rTYtA_UsuZ5wzxnyHFcg,3975,29,0,15,16,6.842,9.6,271.0
2026-08-14,UC0GVHmLgrxE2SS8F0C19JVg,17025,168,1,23,46,30.591,30.4,224.01
2026-08-14,UC2IjY1Gm6b7pYp-vMJ2R9ig,26520,175,11,15,107,34.577,15.86,215.45
2026-08-14,UC3WZLJlwYaCEurdUywF8ibg,7776,72,3,8,35,0.0,15.96,243.06
2026-08-14,UC49-b-BhbYoG54YNkwmzg8w,7658,47,2,5,22,0.0,10.49,134.24
2026-08-14,UC77WdDKy6cbCxZkC46eaudA,37325,210,7,24,76,24.144,14.49,196.25
2026-08-14,UC80LfoIH6FrzHTm6lXTWCKQ,34296,634,2,9,44,23.577,31.61,94.34
2026-08-14,UC82nFsZOjs5Tr96upPPq9Ww,16951,157,1,16,64,19.0,12.19,314.82
2026-08-14,UC8Fm-ogvMehvbgF0BJjKiuQ,234,8,0,0,0,0.299,35.59,86.93
2026-08-14,UC8gDq5ENmiVuJZIVsiZbQ8g,5763,49,2,10,25,0.0,16.16,198.18
2026-08-14,UCAkSxwl8Lbk2hBXAAfsEFTA,12651,90,1,14,31,15.767,11.05,238.71
2026-08-14,UCEFB0gMdnD1NyiZaedHg2hQ,48672,400,4,43,135,32.656,26.2,134.68
2026-08-14,UCHONLLEtQ4f9yoqa1BWlhSg,2911,49,0,6,8,3.423,37.55,178.44
2026-08-14,UCIg97fCjw1HnS8vPqwiHLGA,31827,176,6,60,67,45.093,15.5,213.47
2026-08-14,UCL_RZ1IidYQkVQxfimfnPSQ,21818,103,0,3,38,2.396,91.67,35.84
2026-08-14,UCMGKZD9ggu_Pfo4dkL47cXQ,72158,726,6,50,217,50.031,31.88,171.47
2026-08-14,UCP4STX85lq_fpEtvQcq_5fw,19876,112,2,25,59,10.466,16.46,195.73
2026-08-14,UCSlOhfr5f-RPRP50yRri1uA,69082,423,8,65,138,51.798,28.76,91.22
2026-08-14,UCT7ZxKrKqxBvAODr8h_ODkA,41521,537,9,88,155,31.58,10.74,277.06
2026-08-14,UCZem4a64VnhfA4CBw9vM2bg,1720091,34439,523,2523,1594,1671.0,50.2,116.75
2026-08-14,UCbnCFV5_c-nGiEQN1anEO5A,197,2,0,0,1,0.077,4.86,82.19
2026-08-14,UCc-V01UlW1n8eGLpATLA5gw,36031,176,2,38,90,64.976,14.26,183.99
2026-08-14,UCctSzoeee7KCnR84dZ6IO7w,1041,9,1,0,5,3.023,14.73,249.66
2026-08-14,UCdtOFTQ1GVPKzvOYsi1ApIw,19012,144,10,30,63,24.946,9.77,286.49
2026-08-14,UCeVTtB1kN607CxFrFkiqjgQ,16781,-45,0,20,48,11.216,13.15,198.6
2026-08-14,UCf3lAEw_WPtcgHMUVAunzSw,5854,85,2,1,23,2.866,51.27,87.74
2026-08-14,UChhBhc7qJ42rgzAIPe9z6Cg,2010,12,0,0,5,0.63,12.53,164.67
2026-08-14,UCk2O5vfW3c_W5YWQ_BoD1Ug,154941,1707,8,66,295,32.627,53.44,73.74
2026-08-14,UCm3RYOItKT_P0-oRCkkSMZw,71581,401,3,70,244,34.034,17.77,168.57
2026-08-14,UCnwjt6PgkKuZC4S1A0yTOFQ,27829,288,1,20,119,22.352,18.64,287.59
2026-08-14,UCsbnInDepLdq6o781WVZ-5g,15481,109,0,9,44,4.074,22.8,154.42
2026-08-14,UCvfQU0Npb-ve-LxUlaAN1GA,4283,32,1,0,19,4.738,10.49,191.89
2026-08-14,UCx08xHWVSQIiujaTJb8HWYg,40340,1344,14,44,148,0.0,56.4,75.68
2026-08-14,UCxfDVRNK6SoN59v_t3ZJ33A,20352,513,8,12,51,8.032,41.09,138.7
2026-08-14,UCxhHKduxLRNAOC_GUHPPf1Q,18541,140,6,24,51,26.264,14.97,197.43
2026-08-14,UCxxl4xdZZqRSSz2VfnFBhwA,6205,61,0,7,16,10.492,19.9,241.64
2026-08-15,UC01rTYtA_UsuZ5wzxnyHFcg,4499,48,0,15,21,6.989,8.36,274.53
2026-08-15,UC0GVHmLgrxE2SS8F0C19JVg,16663,158,3,12,37,28.142,30.54,215.11
2026-08-15,UC2IjY1Gm6b7pYp-vMJ2R9ig,30118,221,5,11,102,41.951,16.29,229.42
2026-08-15,UC3WZLJlwYaCEurdUywF8ibg,7907,72,6,7,42,0.0,15.03,230.3
2026-08-15,UC49-b-BhbYoG54YNkwmzg8w,7717,55,1,3,32,0.0,11.71,147.62
2026-08-15,UC77WdDKy6cbCxZkC46eaudA,40269,211,9,41,111,25.983,14.47,199.53
2026-08-15,UC80LfoIH6FrzHTm6lXTWCKQ,24269,639,1,10,51,9.395,54.47,78.88
2026-08-15,UC82nFsZOjs5Tr96upPPq9Ww,15454,152,2,23,70,17.89,12.22,318.0
2026-08-15,UC8Fm-ogvMehvbgF0BJjKiuQ,269,-2,0,0,0,0.215,36.8,98.57
2026-08-15,UC8gDq5ENmiVuJZIVsiZbQ8g,4775,42,0,9,19,0.0,15.45,199.93
2026-08-15,UCAkSxwl8Lbk2hBXAAfsEFTA,12616,119,2,11,35,17.104,12.24,242.07
2026-08-15,UCEFB0gMdnD1NyiZaedHg2hQ,46615,509,5,26,128,37.255,27.62,136.44
2026-08-15,UCHONLLEtQ4f9yoqa1BWlhSg,3356,89,0,5,12,3.817,36.63,156.65
2026-08-15,UCIg97fCjw1HnS8vPqwiHLGA,78743,259,3,18,80,71.173,40.29,112.42
2026-08-15,UCL_RZ1IidYQkVQxfimfnPSQ,32251,131,0,4,57,3.328,96.51,31.79
2026-08-15,UCMGKZD9ggu_Pfo4dkL47cXQ,104467,1335,10,66,294,64.658,35.11,156.91
2026-08-15,UCP4STX85lq_fpEtvQcq_5fw,53108,125,0,19,56,25.978,13.08,121.81
2026-08-15,UCSlOhfr5f-RPRP50yRri1uA,63545,370,2,44,92,52.431,29.78,78.16
2026-08-15,UCT7ZxKrKqxBvAODr8h_ODkA,42399,562,9,88,129,36.13,11.0,282.54
2026-08-15,UCZem4a64VnhfA4CBw9vM2bg,160621,4030,19,94,169,45.904,67.53,44.8
2026-08-15,UCbnCFV5_c-nGiEQN1anEO5A,321,2,0,1,0,0.505,5.47,67.95
2026-08-15,UCc-V01UlW1n8eGLpATLA5gw,21141,158,6,27,78,69.001,7.03,258.46
2026-08-15,UCctSzoeee7KCnR84dZ6IO7w,6748,6,0,165,166,8.358,26.48,185.02
2026-08-15,UCdtOFTQ1GVPKzvOYsi1ApIw,2077515,15180,165,3135,8250,1807.905,11.42,294.13
2026-08-15,UCeVTtB1kN607CxFrFkiqjgQ,11713,137,0,16,59,7.941,15.3,316.32
2026-08-15,UCf3lAEw_WPtcgHMUVAunzSw,5116,72,0,4,23,2.798,39.47,124.01
2026-08-15,UChhBhc7qJ42rgzAIPe9z6Cg,2650,24,0,1,9,0.73,12.78,169.6
2026-08-15,UCk2O5vfW3c_W5YWQ_BoD1Ug,18507885,160050,990,6765,36300,3836.745,53.0,77.87
2026-08-15,UCm3RYOItKT_P0-oRCkkSMZw,88901,676,8,72,305,36.713,25.86,152.42
2026-08-15,UCnwjt6PgkKuZC4S1A0yTOFQ,29330,241,4,35,118,22.878,19.77,289.49
2026-08-15,UCsbnInDepLdq6o781WVZ-5g,15919,111,1,9,44,5.686,25.92,165.94
2026-08-15,UCvfQU0Npb-ve-LxUlaAN1GA,4807,34,0,6,15,5.887,10.55,199.67
2026-08-15,UCx08xHWVSQIiujaTJb8HWYg,36887,1233,4,30,135,0.0,54.45,79.67
2026-08-15,UCxfDVRNK6SoN59v_t3ZJ33A,17705,342,1,17,58,7.535,37.36,157.94
2026-08-15,UCxhHKduxLRNAOC_GUHPPf1Q,19976,185,4,20,58,25.369,17.02,193.1
2026-08-15,UCxxl4xdZZqRSSz2VfnFBhwA,6638,54,2,17,18,12.814,17.83,254.08
2026-08-16,UC01rTYtA_UsuZ5wzxnyHFcg,6969,79,3,9,21,6.709,26.41,195.68
2026-08-16,UC0GVHmLgrxE2SS8F0C19JVg,227799,2647,170,174,214,346.162,28.48,156.33
2026-08-16,UC2IjY1Gm6b7pYp-vMJ2R9ig,3646356,21414,332,1660,11620,4248.272,16.51,234.36
2026-08-16,UC3WZLJlwYaCEurdUywF8ibg,1289322,8632,332,830,5976,0.0,14.56,222.77
2026-08-16,UC49-b-BhbYoG54YNkwmzg8w,6777,43,2,4,18,0.0,11.0,154.8
2026-08-16,UC77WdDKy6cbCxZkC46eaudA,37634,185,1,42,101,24.356,14.8,205.6
2026-08-16,UC80LfoIH6FrzHTm6lXTWCKQ,28528,512,1,15,71,16.024,51.37,80.71
2026-08-16,UC82nFsZOjs5Tr96upPPq9Ww,14428,148,3,15,68,19.155,13.37,319.75
2026-08-16,UC8Fm-ogvMehvbgF0BJjKiuQ,253,5,0,0,1,0.078,30.18,98.91
2026-08-16,UC8gDq5ENmiVuJZIVsiZbQ8g,5712,57,6,8,17,0.0,18.35,246.03
2026-08-16,UCAkSxwl8Lbk2hBXAAfsEFTA,11076,74,2,21,37,14.924,10.57,255.45
2026-08-16,UCEFB0gMdnD1NyiZaedHg2hQ,43448,325,4,31,126,29.257,29.37,138.07
2026-08-16,UCHONLLEtQ4f9yoqa1BWlhSg,3358,72,0,1,16,6.264,40.63,160.1
2026-08-16,UCIg97fCjw1HnS8vPqwiHLGA,142430,642,1,26,139,39.649,120.79,61.09
2026-08-16,UCL_RZ1IidYQkVQxfimfnPSQ,6905932,38014,830,332,9628,907.522,91.84,40.71
2026-08-16,UCMGKZD9ggu_Pfo4dkL47cXQ,69622,799,30,65,222,40.042,28.14,189.49
2026-08-16,UCP4STX85lq_fpEtvQcq_5fw,20809,81,3,19,49,12.782,16.68,192.7
2026-08-16,UCSlOhfr5f-RPRP50yRri1uA,56620,339,2,29,98,61.052,31.52,79.19
2026-08-16,UCT7ZxKrKqxBvAODr8h_ODkA,39842,454,8,108,117,35.16,11.16,270.78
2026-08-16,UCZem4a64VnhfA4CBw9vM2bg,139454,3286,16,73,154,39.524,68.49,45.74
2026-08-16,UCbnCFV5_c-nGiEQN1anEO5A,205,2,0,0,1,0.097,8.09,123.05
2026-08-16,UCc-V01UlW1n8eGLpATLA5gw,21443,153,1,26,79,67.034,6.81,249.33
2026-08-16,UCctSzoeee7KCnR84dZ6IO7w,874,10,0,0,1,2.094,13.78,258.94
2026-08-16,UCdtOFTQ1GVPKzvOYsi1ApIw,11724,74,0,17,58,15.773,10.78,289.32
2026-08-16,UCeVTtB1kN607CxFrFkiqjgQ,7821,95,1,12,33,5.962,15.11,335.32
2026-08-16,UCf3lAEw_WPtcgHMUVAunzSw,7139,137,1,2,24,3.248,44.22,98.28
2026-08-16,UChhBhc7qJ42rgzAIPe9z6Cg,3065,23,0,2,16,0.87,11.79,158.78
2026-08-16,UCk2O5vfW3c_W5YWQ_BoD1Ug,207552,1776,10,77,327,33.48,59.06,63.19
2026-08-16,UCm3RYOItKT_P0-oRCkkSMZw,129263,1367,19,77,365,37.353,41.78,120.53
2026-08-16,UCnwjt6PgkKuZC4S1A0yTOFQ,34560,344,7,52,155,28.392,19.5,293.83
2026-08-16,UCsbnInDepLdq6o781WVZ-5g,19131,151,2,3,53,4.828,31.14,140.87
2026-08-16,UCvfQU0Npb-ve-LxUlaAN1GA,4517,34,0,5,34,4.495,10.96,195.75
2026-08-16,UCx08xHWVSQIiujaTJb8HWYg,22894,652,4,19,74,0.0,51.88,80.85
2026-08-16,UCxfDVRNK6SoN59v_t3ZJ33A,14802,230,6,23,43,7.433,33.69,177.06
2026-08-16,UCxhHKduxLRNAOC_GUHPPf1Q,15770,127,3,10,45,23.974,17.04,191.8
2026-08-16,UCxxl4xdZZqRSSz2VfnFBhwA,8004,96,0,23,27,9.594,29.73,200.03
2026-08-17,UC01rTYtA_UsuZ5wzxnyHFcg,4338,51,1,11,23,5.514,11.77,246.53
2026-08-17,UC0GVHmLgrxE2SS8F0C19JVg,18268,191,5,14,43,31.01,32.43,210.82
2026-08-17,UC2IjY1Gm6b7pYp-vMJ2R9ig,30970,226,4,21,114,45.583,17.03,245.18
2026-08-17,UC3WZLJlwYaCEurdUywF8ibg,2586024,19656,840,1848,8568,0.0,16.02,187.55
2026-08-17,UC49-b-BhbYoG54YNkwmzg8w,78155,547,338,174,689,0.0,12.25,127.06
2026-08-17,UC77WdDKy6cbCxZkC46eaudA,38502,223,4,36,116,24.56,15.02,209.81
2026-08-17,UC80LfoIH6FrzHTm6lXTWCKQ,33090,792,2,14,77,13.106,56.18,69.77
2026-08-17,UC82nFsZOjs5Tr96upPPq9Ww,16052,193,5,19,67,20.538,15.37,321.46
2026-08-17,UC8Fm-ogvMehvbgF0BJjKiuQ,6498,1,0,0,0,2.392,24.96,108.75
2026-08-17,UC8gDq5ENmiVuJZIVsiZbQ8g,6192,52,0,10,23,0.0,17.56,247.86
2026-08-17,UCAkSxwl8Lbk2hBXAAfsEFTA,9487,84,0,7,32,10.151,10.56,251.57
2026-08-17,UCEFB0gMdnD1NyiZaedHg2hQ,42616,382,4,20,107,25.415,34.82,130.49
2026-08-17,UCHONLLEtQ4f9yoqa1BWlhSg,2759,58,5,1,5,2.901,38.44,162.08
2026-08-17,UCIg97fCjw1HnS8vPqwiHLGA,24457,192,4,11,47,14.289,75.62,121.79
2026-08-17,UCL_RZ1IidYQkVQxfimfnPSQ,51412,210,3,11,73,5.637,88.96,45.04
2026-08-17,UCMGKZD9ggu_Pfo4dkL47cXQ,80344,917,16,50,211,43.872,42.75,150.65
2026-08-17,UCP4STX85lq_fpEtvQcq_5fw,17510,108,0,21,46,12.123,17.81,204.84
2026-08-17,UCSlOhfr5f-RPRP50yRri1uA,48934,288,3,35,83,62.363,31.17,82.14
2026-08-17,UCT7ZxKrKqxBvAODr8h_ODkA,35053,424,9,74,139,32.345,10.95,270.07
2026-08-17,UCZem4a64VnhfA4CBw9vM2bg,132561,3706,18,108,142,46.419,64.75,52.95
2026-08-17,UCbnCFV5_c-nGiEQN1anEO5A,161,2,0,0,0,0.094,6.45,100.96
2026-08-17,UCc-V01UlW1n8eGLpATLA5gw,19265,169,3,33,71,48.845,6.14,236.05
2026-08-17,UCctSzoeee7KCnR84dZ6IO7w,753,0,0,0,3,1.571,13.11,218.38
2026-08-17,UCdtOFTQ1GVPKzvOYsi1ApIw,10299,87,4,12,31,13.958,10.46,286.12
2026-08-17,UCeVTtB1kN607CxFrFkiqjgQ,7525,88,3,5,34,7.082,15.24,362.76
2026-08-17,UCf3lAEw_WPtcgHMUVAunzSw,6993,99,3,5,14,3.456,43.09,110.32
2026-08-17,UChhBhc7qJ42rgzAIPe9z6Cg,3191,16,0,0,11,0.562,12.42,164.32
2026-08-17,UCk2O5vfW3c_W5YWQ_BoD1Ug,916023,9920,186,244,1047,178.742,54.45,55.95
2026-08-17,UCm3RYOItKT_P0-oRCkkSMZw,121261,1174,14,62,330,36.413,40.76,121.35
2026-08-17,UCnwjt6PgkKuZC4S1A0yTOFQ,4149936,30408,504,4536,15288,3096.576,15.8,336.96
2026-08-17,UCsbnInDepLdq6o781WVZ-5g,18023,154,2,17,48,4.756,30.18,149.78
2026-08-17,UCvfQU0Npb-ve-LxUlaAN1GA,4173,34,1,1,18,4.228,11.65,212.32
2026-08-17,UCx08xHWVSQIiujaTJb8HWYg,23219,590,9,21,78,0.0,46.65,76.63
2026-08-17,UCxfDVRNK6SoN59v_t3ZJ33A,158869,2808,2,24,391,97.134,44.68,111.77
2026-08-17,UCxhHKduxLRNAOC_GUHPPf1Q,13903,117,4,10,38,21.167,17.18,186.21
2026-08-17,UCxxl4xdZZqRSSz2VfnFBhwA,9654,132,3,22,34,10.818,27.47,183.72
2026-08-18,UC01rTYtA_UsuZ5wzxnyHFcg,4186,24,0,4,12,4.629,11.21,257.84
2026-08-18,UC0GVHmLgrxE2SS8F0C19JVg,557352,5976,144,144,1656,948.492,31.01,230.69
2026-08-18,UC2IjY1Gm6b7pYp-vMJ2R9ig,28835,222,5,15,102,42.955,17.67,256.18
2026-08-18,UC3WZLJlwYaCEurdUywF8ibg,18949,161,2,5,66,0.0,17.07,193.23
2026-08-18,UC49-b-BhbYoG54YNkwmzg8w,6867,45,3,1,21,0.0,11.54,159.7
2026-08-18,UC77WdDKy6cbCxZkC46eaudA,45115,257,1,26,102,37.145,18.29,195.66
2026-08-18,UC80LfoIH6FrzHTm6lXTWCKQ,38608,1119,8,32,105,12.321,60.78,63.12
2026-08-18,UC82nFsZOjs5Tr96upPPq9Ww,17181,137,3,21,67,26.333,15.14,339.94
2026-08-18,UC8Fm-ogvMehvbgF0BJjKiuQ,135,6,0,0,1,0.063,36.98,115.87
2026-08-18,UC8gDq5ENmiVuJZIVsiZbQ8g,8728,107,4,13,21,0.0,33.21,171.62
2026-08-18,UCAkSxwl8Lbk2hBXAAfsEFTA,612953,4622,134,1080,2291,619.529,10.64,250.1
2026-08-18,UCEFB0gMdnD1NyiZaedHg2hQ,69929,934,11,56,208,53.051,32.4,157.1
2026-08-18,UCHONLLEtQ4f9yoqa1BWlhSg,3014,54,0,10,10,3.611,37.22,168.34
2026-08-18,UCIg97fCjw1HnS8vPqwiHLGA,15419,153,2,11,55,10.78,47.56,164.01
2026-08-18,UCL_RZ1IidYQkVQxfimfnPSQ,116725,749,1,76,162,27.619,70.63,60.34
2026-08-18,UCMGKZD9ggu_Pfo4dkL47cXQ,5919142,67944,529,1836,10512,1737.776,66.92,79.88
2026-08-18,UCP4STX85lq_fpEtvQcq_5fw,15747,101,1,21,52,11.85,18.13,209.2
2026-08-18,UCSlOhfr5f-RPRP50yRri1uA,40903,256,24,37,79,67.136,26.99,86.49
2026-08-18,UCT7ZxKrKqxBvAODr8h_ODkA,30473,342,8,38,121,25.908,11.01,277.31
2026-08-18,UCZem4a64VnhfA4CBw9vM2bg,182481,5545,20,100,188,58.478,67.96,48.16
2026-08-18,UCbnCFV5_c-nGiEQN1anEO5A,229,1,0,0,1,0.074,4.3,58.67
2026-08-18,UCc-V01UlW1n8eGLpATLA5gw,18752,128,5,29,76,15.907,6.2,243.3
2026-08-18,UCctSzoeee7KCnR84dZ6IO7w,562,6,0,1,3,1.603,13.73,234.97
2026-08-18,UCdtOFTQ1GVPKzvOYsi1ApIw,11357,123,1,16,43,17.19,9.57,265.93
2026-08-18,UCeVTtB1kN607CxFrFkiqjgQ,11424,144,3,13,68,7.591,17.94,338.93
2026-08-18,UCf3lAEw_WPtcgHMUVAunzSw,11148,148,2,6,27,3.489,54.73,72.31
2026-08-18,UChhBhc7qJ42rgzAIPe9z6Cg,3281,29,0,1,15,0.632,13.58,176.71
2026-08-18,UCk2O5vfW3c_W5YWQ_BoD1Ug,182207,2213,10,56,339,29.834,59.93,64.17
2026-08-18,UCm3RYOItKT_P0-oRCkkSMZw,74136,571,2,47,254,26.353,33.29,138.52
2026-08-18,UCnwjt6PgkKuZC4S1A0yTOFQ,150820,4752,80,192,744,50.161,51.23,114.58
2026-08-18,UCsbnInDepLdq6o781WVZ-5g,25298,191,1,7,63,5.24,39.4,121.48
2026-08-18,UCvfQU0Npb-ve-LxUlaAN1GA,12728,81,7,5,26,7.113,35.05,104.09
2026-08-18,UCx08xHWVSQIiujaTJb8HWYg,28640,676,2,18,102,0.0,49.32,68.0
2026-08-18,UCxfDVRNK6SoN59v_t3ZJ33A,772260,8311,134,1085,3366,498.548,20.99,314.86
2026-08-18,UCxhHKduxLRNAOC_GUHPPf1Q,11962,84,1,6,36,20.461,16.31,191.46
2026-08-18,UCxxl4xdZZqRSSz2VfnFBhwA,21463,339,0,284,37,15.29,44.76,139.4
2026-08-19,UC01rTYtA_UsuZ5wzxnyHFcg,3018,34,0,3,19,3.941,11.58,245.58
2026-08-19,UC0GVHmLgrxE2SS8F0C19JVg,17967,203,2,20,36,28.136,35.33,208.85
2026-08-19,UC2IjY1Gm6b7pYp-vMJ2R9ig,861152,6456,175,692,2632,1949.453,15.93,251.29
2026-08-19,UC3WZLJlwYaCEurdUywF8ibg,2495940,17680,170,1360,9010,0.0,17.87,184.93
2026-08-19,UC49-b-BhbYoG54YNkwmzg8w,7646,45,12,3,24,0.0,10.93,155.13
2026-08-19,UC77WdDKy6cbCxZkC46eaudA,32341,180,7,13,93,23.03,14.88,207.45
2026-08-19,UC80LfoIH6FrzHTm6lXTWCKQ,33692,910,5,26,63,12.467,58.48,64.16
2026-08-19,UC82nFsZOjs5Tr96upPPq9Ww,15465,191,10,18,70,19.1,14.04,304.42
2026-08-19,UC8Fm-ogvMehvbgF0BJjKiuQ,1755,17,1,1,7,3.083,7.26,218.68
2026-08-19,UC8gDq5ENmiVuJZIVsiZbQ8g,6591,48,2,11,18,0.0,36.5,153.41
2026-08-19,UCAkSxwl8Lbk2hBXAAfsEFTA,7887,78,2,18,22,9.778,16.51,232.84
2026-08-19,UCEFB0gMdnD1NyiZaedHg2hQ,69644,994,7,31,170,30.884,41.83,129.88
2026-08-19,UCHONLLEtQ4f9yoqa1BWlhSg,2490,49,1,5,10,2.682,41.18,154.1
2026-08-19,UCIg97fCjw1HnS8vPqwiHLGA,11054,90,1,7,38,5.672,40.31,185.86
2026-08-19,UCL_RZ1IidYQkVQxfimfnPSQ,65539,295,1,15,84,5.345,99.34,29.29
2026-08-19,UCMGKZD9ggu_Pfo4dkL47cXQ,119232,1365,16,78,269,35.697,57.57,109.37
2026-08-19,UCP4STX85lq_fpEtvQcq_5fw,13732,92,2,29,40,9.636,17.38,202.86
2026-08-19,UCSlOhfr5f-RPRP50yRri1uA,191589,389,6,16,77,73.442,49.49,58.55
2026-08-19,UCT7ZxKrKqxBvAODr8h_ODkA,23233,279,9,50,83,19.261,11.48,267.39
2026-08-19,UCZem4a64VnhfA4CBw9vM2bg,178630,4864,22,66,159,44.712,70.05,41.76
2026-08-19,UCbnCFV5_c-nGiEQN1anEO5A,270,1,0,1,1,0.11,5.91,77.42
2026-08-19,UCc-V01UlW1n8eGLpATLA5gw,13956,95,7,50,55,30.525,6.32,236.07
2026-08-19,UCctSzoeee7KCnR84dZ6IO7w,499,8,0,1,2,1.124,12.51,215.78
2026-08-19,UCdtOFTQ1GVPKzvOYsi1ApIw,8782,65,3,3,21,11.002,9.94,266.87
2026-08-19,UCeVTtB1kN607CxFrFkiqjgQ,14233,197,1,5,62,7.589,28.24,264.16
2026-08-19,UCf3lAEw_WPtcgHMUVAunzSw,6019,80,0,2,19,2.178,48.94,106.45
2026-08-19,UChhBhc7qJ42rgzAIPe9z6Cg,2746,26,0,2,10,0.563,13.25,173.97
2026-08-19,UCk2O5vfW3c_W5YWQ_BoD1Ug,239996,3168,12,79,418,31.039,64.48,54.65
2026-08-19,UCm3RYOItKT_P0-oRCkkSMZw,66209,638,4,64,219,21.647,38.23,126.06
2026-08-19,UCnwjt6PgkKuZC4S1A0yTOFQ,34064,435,6,42,130,41.101,20.44,299.48
2026-08-19,UCsbnInDepLdq6o781WVZ-5g,16334,127,1,12,49,3.799,30.12,141.37
2026-08-19,UCvfQU0Npb-ve-LxUlaAN1GA,44037,284,171,2,25,19.177,23.78,97.2
2026-08-19,UCx08xHWVSQIiujaTJb8HWYg,9520,0,0,0,0,0.0,2.21,82.0
2026-08-19,UCxfDVRNK6SoN59v_t3ZJ33A,19090,371,3,15,53,7.084,47.76,129.12
2026-08-19,UCxhHKduxLRNAOC_GUHPPf1Q,1607180,14110,0,1870,5100,3054.9,15.93,212.44
2026-08-19,UCxxl4xdZZqRSSz2VfnFBhwA,18923,219,4,20,44,12.665,51.32,107.95
2026-08-20,UC01rTYtA_UsuZ5wzxnyHFcg,3136,41,2,8,11,3.542,13.61,221.43
2026-08-20,UC0GVHmLgrxE2SS8F0C19JVg,33683,793,5,18,30,38.427,38.19,162.9
2026-08-20,UC2IjY1Gm6b7pYp-vMJ2R9ig,22809,100,3,3,63,24.786,17.59,227.08
2026-08-20,UC3WZLJlwYaCEurdUywF8ibg,8730,72,2,9,35,0.0,17.0,218.13
2026-08-20,UC49-b-BhbYoG54YNkwmzg8w,6894,48,2,6,20,0.0,10.48,149.44
2026-08-20,UC77WdDKy6cbCxZkC46eaudA,28877,159,10,30,77,19.231,13.75,193.82
2026-08-20,UC80LfoIH6FrzHTm6lXTWCKQ,41926,929,6,14,89,12.682,60.39,58.14
2026-08-20,UC82nFsZOjs5Tr96upPPq9Ww,14113,127,4,17,46,20.624,13.46,311.9
2026-08-20,UC8Fm-ogvMehvbgF0BJjKiuQ,799,9,0,1,2,1.019,12.52,200.31
2026-08-20,UC8gDq5ENmiVuJZIVsiZbQ8g,8213,76,3,18,23,0.0,23.75,194.4
2026-08-20,UCAkSxwl8Lbk2hBXAAfsEFTA,987968,4128,172,344,1720,1254.74,10.41,252.77
2026-08-20,UCEFB0gMdnD1NyiZaedHg2hQ,65330,928,9,27,174,36.759,41.14,123.62
2026-08-20,UCHONLLEtQ4f9yoqa1BWlhSg,2288,53,1,1,8,2.509,38.33,156.4
2026-08-20,UCIg97fCjw1HnS8vPqwiHLGA,8303,67,1,7,30,5.374,29.11,188.27
2026-08-20,UCL_RZ1IidYQkVQxfimfnPSQ,41720,165,0,5,54,3.897,98.14,30.53
2026-08-20,UCMGKZD9ggu_Pfo4dkL47cXQ,93626,997,8,47,223,39.642,41.53,124.4
2026-08-20,UCP4STX85lq_fpEtvQcq_5fw,12536,76,3,19,33,8.724,18.42,201.44
2026-08-20,UCSlOhfr5f-RPRP50yRri1uA,120516,741,3,23,155,40.79,38.61,39.29
2026-08-20,UCT7ZxKrKqxBvAODr8h_ODkA,30206,292,4,45,95,26.666,11.28,266.16
2026-08-20,UCZem4a64VnhfA4CBw9vM2bg,125471,2953,11,63,121,36.064,70.2,47.41
2026-08-20,UCbnCFV5_c-nGiEQN1anEO5A,263,3,0,0,2,0.07,8.51,130.48
2026-08-20,UCc-V01UlW1n8eGLpATLA5gw,14232,111,2,25,39,25.589,5.94,218.33
2026-08-20,UCctSzoeee7KCnR84dZ6IO7w,406,3,0,4,4,2.274,15.1,211.93
2026-08-20,UCdtOFTQ1GVPKzvOYsi1ApIw,35197,227,2,6,194,26.859,24.75,176.57
2026-08-20,UCeVTtB1kN607CxFrFkiqjgQ,11804,184,4,4,59,8.308,27.3,265.84
2026-08-20,UCf3lAEw_WPtcgHMUVAunzSw,5509,71,0,0,23,1.964,46.47,84.91
2026-08-20,UChhBhc7qJ42rgzAIPe9z6Cg,2797,15,0,1,8,0.514,13.95,189.94
2026-08-20,UCk2O5vfW3c_W5YWQ_BoD1Ug,275075,2848,7,60,422,25.228,66.01,49.28
2026-08-20,UCm3RYOItKT_P0-oRCkkSMZw,60244,483,5,45,177,23.152,38.63,123.03
2026-08-20,UCnwjt6PgkKuZC4S1A0yTOFQ,27555,293,7,31,102,27.227,19.88,310.97
2026-08-20,UCsbnInDepLdq6o781WVZ-5g,14659,87,0,6,42,3.167,34.18,129.42
2026-08-20,UCvfQU0Npb-ve-LxUlaAN1GA,20218,176,0,7,35,3.66,45.23,65.53
2026-08-20,UCx08xHWVSQIiujaTJb8HWYg,66021,1095,3,14,134,0.0,67.34,62.32
2026-08-20,UCxfDVRNK6SoN59v_t3ZJ33A,18039,336,3,23,35,7.281,49.48,123.17
2026-08-20,UCxhHKduxLRNAOC_GUHPPf1Q,10153,70,2,9,30,16.922,14.43,205.07
2026-08-20,UCxxl4xdZZqRSSz2VfnFBhwA,15974,188,1,15,34,10.836,55.58,99.33
2026-08-21,UC01rTYtA_UsuZ5wzxnyHFcg,2730,20,1,1,10,4.236,8.76,245.54
2026-08-21,UC0GVHmLgrxE2SS8F0C19JVg,14342,125,2,18,35,25.295,30.24,216.26
2026-08-21,UC2IjY1Gm6b7pYp-vMJ2R9ig,22576,163,4,6,80,32.843,19.0,245.75
2026-08-21,UC3WZLJlwYaCEurdUywF8ibg,8477,51,0,11,46,0.0,17.28,240.9
2026-08-21,UC49-b-BhbYoG54YNkwmzg8w,2363,17,0,3,5,0.0,9.19,128.06
2026-08-21,UC77WdDKy6cbCxZkC46eaudA,35236,-8,2,152,59,24.236,14.55,162.69
2026-08-21,UC80LfoIH6FrzHTm6lXTWCKQ,36472,935,4,36,98,14.074,55.84,61.15
2026-08-21,UC82nFsZOjs5Tr96upPPq9Ww,11458,101,2,18,52,14.454,12.63,303.1
2026-08-21,UC8Fm-ogvMehvbgF0BJjKiuQ,690,7,0,2,1,1.16,12.0,187.18
2026-08-21,UC8gDq5ENmiVuJZIVsiZbQ8g,5038,58,0,5,10,0.0,17.61,177.2
2026-08-21,UCAkSxwl8Lbk2hBXAAfsEFTA,8634,47,1,5,21,11.478,16.73,231.21
2026-08-21,UCEFB0gMdnD1NyiZaedHg2hQ,72120,959,13,64,194,51.029,33.45,135.4
2026-08-21,UCHONLLEtQ4f9yoqa1BWlhSg,1041,16,1,1,3,1.173,25.37,164.97
2026-08-21,UCIg97fCjw1HnS8vPqwiHLGA,8208,47,0,9,23,4.419,26.39,197.33
2026-08-21,UCL_RZ1IidYQkVQxfimfnPSQ,22389,107,1,7,45,2.762,93.68,33.65
2026-08-21,UCMGKZD9ggu_Pfo4dkL47cXQ,106428,1026,8,71,185,47.322,41.33,115.04
2026-08-21,UCP4STX85lq_fpEtvQcq_5fw,13157,42,0,5,21,9.499,18.04,192.22
2026-08-21,UCSlOhfr5f-RPRP50yRri1uA,9008600,71560,143,574,16620,1243.398,49.86,26.53
2026-08-21,UCT7ZxKrKqxBvAODr8h_ODkA,30433,390,3,61,100,23.194,13.33,274.29
2026-08-21,UCZem4a64VnhfA4CBw9vM2bg,77989,1775,0,68,109,27.255,67.64,62.21
2026-08-21,UCbnCFV5_c-nGiEQN1anEO5A,204,3,0,0,1,0.106,5.56,81.59
2026-08-21,UCc-V01UlW1n8eGLpATLA5gw,14180,120,0,24,44,23.193,5.81,223.76
2026-08-21,UCctSzoeee7KCnR84dZ6IO7w,379,2,0,0,3,0.893,15.04,239.48
2026-08-21,UCdtOFTQ1GVPKzvOYsi1ApIw,6598,46,2,7,30,10.401,11.37,270.74
2026-08-21,UCeVTtB1kN607CxFrFkiqjgQ,11234,144,4,13,43,10.513,22.16,280.53
2026-08-21,UCf3lAEw_WPtcgHMUVAunzSw,4601,63,0,0,17,1.479,50.62,95.68
2026-08-21,UChhBhc7qJ42rgzAIPe9z6Cg,2794,11,0,1,7,0.562,12.93,168.67
2026-08-21,UCk2O5vfW3c_W5YWQ_BoD1Ug,440598,3213,8,48,830,121.711,57.55,67.85
2026-08-21,UCm3RYOItKT_P0-oRCkkSMZw,7371700,65380,420,4480,21420,3099.6,36.03,125.97
2026-08-21,UCnwjt6PgkKuZC4S1A0yTOFQ,24769,276,3,28,83,23.598,18.39,296.58
2026-08-21,UCsbnInDepLdq6o781WVZ-5g,12257,59,1,2,29,3.317,29.84,128.69
2026-08-21,UCvfQU0Npb-ve-LxUlaAN1GA,19511,187,0,3,27,1.467,52.34,47.86
2026-08-21,UCx08xHWVSQIiujaTJb8HWYg,50452,893,2,15,105,0.0,57.98,63.84
2026-08-21,UCxfDVRNK6SoN59v_t3ZJ33A,15466,332,1,14,34,6.218,41.01,134.0
2026-08-21,UCxhHKduxLRNAOC_GUHPPf1Q,9676,66,1,11,27,19.759,14.32,203.75
2026-08-21,UCxxl4xdZZqRSSz2VfnFBhwA,12819,144,2,6,18,9.118,51.77,127.65
2026-08-22,UC01rTYtA_UsuZ5wzxnyHFcg,2921,14,1,2,8,3.808,9.08,225.32
2026-08-22,UC0GVHmLgrxE2SS8F0C19JVg,15050,124,1,5,35,28.437,26.93,220.08
2026-08-22,UC2IjY1Gm6b7pYp-vMJ2R9ig,24664,152,4,15,90,37.377,16.31,232.63
2026-08-22,UC3WZLJlwYaCEurdUywF8ibg,8440,50,1,4,27,0.0,15.43,228.72
2026-08-22,UC49-b-BhbYoG54YNkwmzg8w,1448,1,0,1,4,0.0,7.74,114.1
2026-08-22,UC77WdDKy6cbCxZkC46eaudA,29132,163,1,40,78,22.422,13.86,191.02
2026-08-22,UC80LfoIH6FrzHTm6lXTWCKQ,133844,1707,1,305,208,126.745,47.65,91.31
2026-08-22,UC82nFsZOjs5Tr96upPPq9Ww,1706880,16940,560,1260,6300,1835.68,16.58,278.87
2026-08-22,UC8Fm-ogvMehvbgF0BJjKiuQ,300,1,0,0,0,0.366,15.86,143.69
2026-08-22,UC8gDq5ENmiVuJZIVsiZbQ8g,4751,56,3,5,14,0.0,19.05,203.82
2026-08-22,UCAkSxwl8Lbk2hBXAAfsEFTA,9324,74,1,6,25,13.626,12.52,247.0
2026-08-22,UCEFB0gMdnD1NyiZaedHg2hQ,80075,1087,20,83,230,59.734,30.09,153.86
2026-08-22,UCHONLLEtQ4f9yoqa1BWlhSg,836,5,0,1,1,1.279,24.51,175.75
2026-08-22,UCIg97fCjw1HnS8vPqwiHLGA,7337,42,1,4,24,4.757,20.63,201.86
2026-08-22,UCL_RZ1IidYQkVQxfimfnPSQ,20959,87,0,2,30,3.149,95.91,34.46
2026-08-22,UCMGKZD9ggu_Pfo4dkL47cXQ,104319,1063,18,44,268,51.461,38.81,123.32
2026-08-22,UCP4STX85lq_fpEtvQcq_5fw,13562,76,2,8,39,12.536,18.15,200.98
2026-08-22,UCSlOhfr5f-RPRP50yRri1uA,188752,1439,2,32,314,58.582,40.83,37.73
2026-08-22,UCT7ZxKrKqxBvAODr8h_ODkA,27406,289,7,38,102,27.122,11.55,284.1
2026-08-22,UCZem4a64VnhfA4CBw9vM2bg,61856,1372,3,45,84,25.714,60.27,71.78
2026-08-22,UCbnCFV5_c-nGiEQN1anEO5A,171,0,0,0,1,0.049,6.18,100.85
2026-08-22,UCc-V01UlW1n8eGLpATLA5gw,15538,95,1,15,45,21.455,6.07,210.27
2026-08-22,UCctSzoeee7KCnR84dZ6IO7w,452,10,0,0,3,0.826,15.02,193.35
2026-08-22,UCdtOFTQ1GVPKzvOYsi1ApIw,7294,62,1,8,24,11.369,11.6,254.02
2026-08-22,UCeVTtB1kN607CxFrFkiqjgQ,12526,145,1,13,63,13.004,21.01,301.12
2026-08-22,UCf3lAEw_WPtcgHMUVAunzSw,4439,74,0,4,24,1.64,41.01,91.83
2026-08-22,UChhBhc7qJ42rgzAIPe9z6Cg,3298,15,0,0,9,0.835,13.21,169.88
2026-08-22,UCk2O5vfW3c_W5YWQ_BoD1Ug,369682,2792,8,50,457,30.758,67.34,48.49
2026-08-22,UCm3RYOItKT_P0-oRCkkSMZw,48423,372,11,17,130,25.098,27.5,141.72
2026-08-22,UCnwjt6PgkKuZC4S1A0yTOFQ,37170,278,7,25,78,33.943,17.5,224.81
2026-08-22,UCsbnInDepLdq6o781WVZ-5g,12205,81,1,4,35,4.079,26.78,146.06
2026-08-22,UCvfQU0Npb-ve-LxUlaAN1GA,12425,114,0,1,28,0.87,54.27,47.13
2026-08-22,UCx08xHWVSQIiujaTJb8HWYg,37947,577,1,7,89,0.0,47.35,62.78
2026-08-22,UCxfDVRNK6SoN59v_t3ZJ33A,10836,181,0,4,23,5.306,36.76,165.27
2026-08-22,UCxhHKduxLRNAOC_GUHPPf1Q,82854,633,2,577,461,98.341,26.7,167.03
2026-08-22,UCxxl4xdZZqRSSz2VfnFBhwA,9223,103,1,6,31,7.802,35.27,159.38
2026-08-23,UC01rTYtA_UsuZ5wzxnyHFcg,2570,26,0,4,14,3.242,10.06,261.81
2026-08-23,UC0GVHmLgrxE2SS8F0C19JVg,13410,91,0,12,23,21.767,32.1,205.57
2026-08-23,UC2IjY1Gm6b7pYp-vMJ2R9ig,21179,107,1,7,55,26.023,16.41,230.43
2026-08-23,UC3WZLJlwYaCEurdUywF8ibg,7353,34,4,3,17,0.0,15.03,222.11
2026-08-23,UC49-b-BhbYoG54YNkwmzg8w,1050,2,0,0,2,0.0,8.13,110.2
2026-08-23,UC77WdDKy6cbCxZkC46eaudA,28434,132,3,24,72,18.351,12.7,177.05
2026-08-23,UC80LfoIH6FrzHTm6lXTWCKQ,48480,1329,1,18,53,55.247,33.73,100.41
2026-08-23,UC82nFsZOjs5Tr96upPPq9Ww,23370,228,4,49,60,29.656,8.93,253.2
2026-08-23,UC8Fm-ogvMehvbgF0BJjKiuQ,257,0,0,0,1,0.507,27.47,124.14
2026-08-23,UC8gDq5ENmiVuJZIVsiZbQ8g,4170,54,1,10,10,0.0,18.51,218.57
2026-08-23,UCAkSxwl8Lbk2hBXAAfsEFTA,13808,41,0,11,20,13.521,12.11,172.53
2026-08-23,UCEFB0gMdnD1NyiZaedHg2hQ,106634,1560,17,87,201,63.362,43.09,98.33
2026-08-23,UCHONLLEtQ4f9yoqa1BWlhSg,678,-2,0,1,2,0.619,20.62,144.85
2026-08-23,UCIg97fCjw1HnS8vPqwiHLGA,7423,60,1,2,19,4.437,18.25,194.07
2026-08-23,UCL_RZ1IidYQkVQxfimfnPSQ,37026,117,0,2,41,3.065,100.64,27.91
2026-08-23,UCMGKZD9ggu_Pfo4dkL47cXQ,90475,841,11,55,205,47.513,40.63,124.93
2026-08-23,UCP4STX85lq_fpEtvQcq_5fw,13224,46,2,5,32,11.4,17.28,188.27
2026-08-23,UCSlOhfr5f-RPRP50yRri1uA,279275,2383,14,40,555,56.314,42.71,35.13
2026-08-23,UCT7ZxKrKqxBvAODr8h_ODkA,27164,312,5,55,78,25.162,9.96,270.66
2026-08-23,UCZem4a64VnhfA4CBw9vM2bg,56057,1022,4,42,59,25.876,60.2,75.39
2026-08-23,UCbnCFV5_c-nGiEQN1anEO5A,177,0,0,0,0,0.109,5.83,91.19
2026-08-23,UCc-V01UlW1n8eGLpATLA5gw,14100,91,1,9,59,18.535,5.86,203.48
2026-08-23,UCctSzoeee7KCnR84dZ6IO7w,409,1,0,1,0,0.866,13.95,224.15
2026-08-23,UCdtOFTQ1GVPKzvOYsi1ApIw,6538,44,3,3,17,13.669,11.95,264.15
2026-08-23,UCeVTtB1kN607CxFrFkiqjgQ,12418,124,0,12,64,11.35,17.55,323.8
2026-08-23,UCf3lAEw_WPtcgHMUVAunzSw,398020,7420,0,0,1540,142.38,40.72,95.39
2026-08-23,UChhBhc7qJ42rgzAIPe9z6Cg,2377,17,0,1,10,0.725,12.28,157.28
2026-08-23,UCk2O5vfW3c_W5YWQ_BoD1Ug,545526,3354,11,57,594,27.196,68.15,39.43
2026-08-23,UCm3RYOItKT_P0-oRCkkSMZw,138611,1877,3,28,265,75.194,42.24,88.15
2026-08-23,UCnwjt6PgkKuZC4S1A0yTOFQ,22251,181,2,25,73,22.248,17.65,289.19
2026-08-23,UCsbnInDepLdq6o781WVZ-5g,9963,58,0,2,31,2.894,29.76,125.44
2026-08-23,UCvfQU0Npb-ve-LxUlaAN1GA,10435,104,1,0,10,0.902,54.66,47.54
2026-08-23,UCx08xHWVSQIiujaTJb8HWYg,35083,503,3,6,94,0.0,45.76,61.45
2026-08-23,UCxfDVRNK6SoN59v_t3ZJ33A,11848,238,3,10,35,5.813,36.65,142.31
2026-08-23,UCxhHKduxLRNAOC_GUHPPf1Q,10259,-77,4,9,28,19.904,12.45,192.27
2026-08-23,UCxxl4xdZZqRSSz2VfnFBhwA,8075,79,1,3,24,6.285,25.74,169.68
2026-08-24,UC01rTYtA_UsuZ5wzxnyHFcg,1845,24,0,1,5,1.682,9.32,258.66
2026-08-24,UC0GVHmLgrxE2SS8F0C19JVg,11670,121,1,6,18,18.043,29.78,205.2
2026-08-24,UC2IjY1Gm6b7pYp-vMJ2R9ig,19211,149,5,20,68,20.549,16.55,239.08
2026-08-24,UC3WZLJlwYaCEurdUywF8ibg,6221,49,1,2,35,0.0,16.0,236.85
2026-08-24,UC49-b-BhbYoG54YNkwmzg8w,744,0,0,0,1,0.0,6.74,101.49
2026-08-24,UC77WdDKy6cbCxZkC46eaudA,26410,118,1,18,48,15.206,12.81,178.58
2026-08-24,UC80LfoIH6FrzHTm6lXTWCKQ,64696,2324,4,12,48,46.02,33.05,82.44
2026-08-24,UC82nFsZOjs5Tr96upPPq9Ww,16772,159,3,29,57,20.102,9.84,264.89
2026-08-24,UC8Fm-ogvMehvbgF0BJjKiuQ,136,3,0,0,0,0.063,25.23,87.12
2026-08-24,UC8gDq5ENmiVuJZIVsiZbQ8g,4784,49,0,12,28,0.0,20.47,195.28
2026-08-24,UCAkSxwl8Lbk2hBXAAfsEFTA,6329,37,0,14,17,8.725,10.45,240.6
2026-08-24,UCEFB0gMdnD1NyiZaedHg2hQ,137677,2197,13,94,257,47.049,53.24,69.81
2026-08-24,UCHONLLEtQ4f9yoqa1BWlhSg,724,4,0,0,2,0.873,24.48,157.25
2026-08-24,UCIg97fCjw1HnS8vPqwiHLGA,23377,51,1,4,19,14.394,32.45,105.84
2026-08-24,UCL_RZ1IidYQkVQxfimfnPSQ,45401,165,2,4,46,3.696,103.32,27.62
2026-08-24,UCMGKZD9ggu_Pfo4dkL47cXQ,72111,631,11,54,184,38.994,30.92,146.06
2026-08-24,UCP4STX85lq_fpEtvQcq_5fw,11738,64,0,9,34,8.412,17.25,195.59
2026-08-24,UCSlOhfr5f-RPRP50yRri1uA,283020,2588,17,34,505,41.91,48.75,34.99
2026-08-24,UCT7ZxKrKqxBvAODr8h_ODkA,26624,299,2,63,92,21.375,11.94,280.92
2026-08-24,UCZem4a64VnhfA4CBw9vM2bg,97620,2852,18,36,81,30.018,77.78,50.27
2026-08-24,UCbnCFV5_c-nGiEQN1anEO5A,547,3,0,0,2,0.276,8.6,63.33
2026-08-24,UCc-V01UlW1n8eGLpATLA5gw,12775,101,3,17,45,15.553,5.9,192.58
2026-08-24,UCctSzoeee7KCnR84dZ6IO7w,361,2,0,1,3,1.054,13.83,154.65
2026-08-24,UCdtOFTQ1GVPKzvOYsi1ApIw,6971,45,0,8,23,12.718,11.4,256.52
2026-08-24,UCeVTtB1kN607CxFrFkiqjgQ,11271,130,1,23,78,8.343,16.22,329.04
2026-08-24,UCf3lAEw_WPtcgHMUVAunzSw,2631,39,0,4,12,0.895,42.46,92.25
2026-08-24,UChhBhc7qJ42rgzAIPe9z6Cg,2053,18,0,0,16,0.452,12.34,162.87
2026-08-24,UCk2O5vfW3c_W5YWQ_BoD1Ug,554786,4347,9,66,610,35.886,74.67,40.98
2026-08-24,UCm3RYOItKT_P0-oRCkkSMZw,47361,415,7,30,115,21.77,36.85,129.95
2026-08-24,UCnwjt6PgkKuZC4S1A0yTOFQ,24455,247,6,27,72,23.272,20.06,270.28
2026-08-24,UCsbnInDepLdq6o781WVZ-5g,7946,56,0,10,16,2.803,20.33,140.62
2026-08-24,UCvfQU0Npb-ve-LxUlaAN1GA,6386,69,0,1,10,0.485,55.21,46.08
2026-08-24,UCx08xHWVSQIiujaTJb8HWYg,29769,426,3,5,92,0.0,44.97,65.23
2026-08-24,UCxfDVRNK6SoN59v_t3ZJ33A,16664,183,0,2,157,10.134,35.0,191.56
2026-08-24,UCxhHKduxLRNAOC_GUHPPf1Q,67875,735,0,10,301,69.355,24.18,159.9
2026-08-24,UCxxl4xdZZqRSSz2VfnFBhwA,20044,268,4,15,40,11.081,45.72,96.98
2026-08-25,UC01rTYtA_UsuZ5wzxnyHFcg,1514,20,0,3,5,1.732,10.03,287.63
2026-08-25,UC0GVHmLgrxE2SS8F0C19JVg,11760,95,0,10,28,19.798,27.71,206.2
2026-08-25,UC2IjY1Gm6b7pYp-vMJ2R9ig,18633,154,3,17,61,18.893,16.53,220.3
2026-08-25,UC3WZLJlwYaCEurdUywF8ibg,7610,40,2,2,31,0.0,15.63,209.58
2026-08-25,UC49-b-BhbYoG54YNkwmzg8w,655,0,1,0,2,0.374,7.42,101.28
2026-08-25,UC77WdDKy6cbCxZkC46eaudA,23610,83,1,8,50,13.959,13.14,185.54
2026-08-25,UC80LfoIH6FrzHTm6lXTWCKQ,16070,319,2,15,48,9.048,46.35,111.66
2026-08-25,UC82nFsZOjs5Tr96upPPq9Ww,13953,119,3,18,50,16.051,11.9,287.3
2026-08-25,UC8Fm-ogvMehvbgF0BJjKiuQ,2587,35,4,6,4,7.141,8.85,297.17
2026-08-25,UC8gDq5ENmiVuJZIVsiZbQ8g,4591,37,2,6,12,0.0,17.34,170.79
2026-08-25,UCAkSxwl8Lbk2hBXAAfsEFTA,6697,41,1,4,25,8.458,10.11,234.81
2026-08-25,UCEFB0gMdnD1NyiZaedHg2hQ,102872,2445,8,69,278,38.562,51.17,75.66
2026-08-25,UCHONLLEtQ4f9yoqa1BWlhSg,727,5,0,1,0,1.595,20.52,181.57
2026-08-25,UCIg97fCjw1HnS8vPqwiHLGA,6103,28,0,11,21,3.227,17.66,192.4
2026-08-25,UCL_RZ1IidYQkVQxfimfnPSQ,38254,136,1,1,40,3.287,103.6,28.33
2026-08-25,UCMGKZD9ggu_Pfo4dkL47cXQ,56961,461,15,38,174,34.835,27.95,161.31
2026-08-25,UCP4STX85lq_fpEtvQcq_5fw,10524,60,1,13,34,6.279,16.9,190.63
2026-08-25,UCSlOhfr5f-RPRP50yRri1uA,257864,2807,69,40,515,35.666,50.73,33.25
2026-08-25,UCT7ZxKrKqxBvAODr8h_ODkA,29825,397,12,84,112,21.021,11.71,284.46
2026-08-25,UCZem4a64VnhfA4CBw9vM2bg,183484,4879,24,79,110,41.956,80.15,39.3
2026-08-25,UCbnCFV5_c-nGiEQN1anEO5A,542,5,0,0,3,0.422,5.39,87.11
2026-08-25,UCc-V01UlW1n8eGLpATLA5gw,11457,73,2,14,39,12.514,5.74,205.83
2026-08-25,UCctSzoeee7KCnR84dZ6IO7w,315,8,0,0,2,0.563,10.48,145.81
2026-08-25,UCdtOFTQ1GVPKzvOYsi1ApIw,7481,59,5,10,19,12.296,10.28,259.68
2026-08-25,UCeVTtB1kN607CxFrFkiqjgQ,9933,104,1,27,64,7.728,15.85,322.71
2026-08-25,UCf3lAEw_WPtcgHMUVAunzSw,2703,45,0,4,14,1.324,42.31,101.11
2026-08-25,UChhBhc7qJ42rgzAIPe9z6Cg,1948,14,0,3,9,0.734,14.1,186.31
2026-08-25,UCk2O5vfW3c_W5YWQ_BoD1Ug,500411,2972,4,64,590,23.652,67.3,37.57
2026-08-25,UCm3RYOItKT_P0-oRCkkSMZw,46804,306,7,18,131,20.473,32.67,141.36
2026-08-25,UCnwjt6PgkKuZC4S1A0yTOFQ,25117,235,6,34,91,25.463,17.84,277.37
2026-08-25,UCsbnInDepLdq6o781WVZ-5g,6621,56,0,4,20,2.868,16.97,158.52
2026-08-25,UCvfQU0Npb-ve-LxUlaAN1GA,5334,81,1,2,15,0.669,51.8,44.82
2026-08-25,UCx08xHWVSQIiujaTJb8HWYg,27384,418,4,8,99,0.0,52.07,66.86
2026-08-25,UCxfDVRNK6SoN59v_t3ZJ33A,8918,113,2,5,28,5.691,30.31,202.72
2026-08-25,UCxhHKduxLRNAOC_GUHPPf1Q,8746,62,1,13,26,18.723,14.11,207.3
2026-08-25,UCxxl4xdZZqRSSz2VfnFBhwA,26742,267,4,23,44,14.03,58.85,72.28
2026-08-26,UC01rTYtA_UsuZ5wzxnyHFcg,1440,15,0,4,6,1.505,9.57,245.18
2026-08-26,UC0GVHmLgrxE2SS8F0C19JVg,10534,74,2,9,28,17.763,29.9,213.56
2026-08-26,UC2IjY1Gm6b7pYp-vMJ2R9ig,19559,97,1,26,70,19.724,15.76,221.93
2026-08-26,UC3WZLJlwYaCEurdUywF8ibg,6794,27,0,5,31,0.0,17.04,238.17
2026-08-26,UC49-b-BhbYoG54YNkwmzg8w,603,1,1,6,2,0.785,8.02,102.83
2026-08-26,UC77WdDKy6cbCxZkC46eaudA,26803,94,0,33,57,19.688,13.28,187.17
2026-08-26,UC80LfoIH6FrzHTm6lXTWCKQ,16641,328,4,13,41,9.08,46.07,106.97
2026-08-26,UC82nFsZOjs5Tr96upPPq9Ww,15810,152,6,24,32,15.482,19.12,236.54
2026-08-26,UC8Fm-ogvMehvbgF0BJjKiuQ,14881,155,2,19,32,10.605,48.53,88.04
2026-08-26,UC8gDq5ENmiVuJZIVsiZbQ8g,12220,128,0,5,29,0.0,42.75,62.87
2026-08-26,UCAkSxwl8Lbk2hBXAAfsEFTA,7129,60,0,5,19,10.47,13.4,205.6
2026-08-26,UCEFB0gMdnD1NyiZaedHg2hQ,467277,7893,8,212,1004,267.631,39.73,75.87
2026-08-26,UCHONLLEtQ4f9yoqa1BWlhSg,11751,127,0,2,7,2.567,108.88,31.83
2026-08-26,UCIg97fCjw1HnS8vPqwiHLGA,5688,19,1,4,15,7.454,17.33,196.89
2026-08-26,UCL_RZ1IidYQkVQxfimfnPSQ,41942,142,1,8,52,3.002,103.89,27.84
2026-08-26,UCMGKZD9ggu_Pfo4dkL47cXQ,79227,846,8,52,161,49.584,36.31,137.58
2026-08-26,UCP4STX85lq_fpEtvQcq_5fw,10497,30,0,8,18,6.807,16.68,188.17
2026-08-26,UCSlOhfr5f-RPRP50yRri1uA,1648702,13210,5,450,1239,503.069,23.06,38.07
2026-08-26,UCT7ZxKrKqxBvAODr8h_ODkA,26596,313,2,81,102,19.301,11.62,275.18
2026-08-26,UCZem4a64VnhfA4CBw9vM2bg,159413,4040,20,33,75,39.373,76.62,40.71
2026-08-26,UCbnCFV5_c-nGiEQN1anEO5A,190,1,0,1,1,0.088,3.84,65.94
2026-08-26,UCc-V01UlW1n8eGLpATLA5gw,12128,94,2,31,41,18.545,5.96,207.6
2026-08-26,UCctSzoeee7KCnR84dZ6IO7w,260,0,0,0,1,0.433,14.17,151.03
2026-08-26,UCdtOFTQ1GVPKzvOYsi1ApIw,17288,-238,2,7,29,14.424,19.21,148.52
2026-08-26,UCeVTtB1kN607CxFrFkiqjgQ,13395,156,2,19,61,9.866,26.53,274.35
2026-08-26,UCf3lAEw_WPtcgHMUVAunzSw,4922,68,1,2,10,1.027,51.81,59.04
2026-08-26,UChhBhc7qJ42rgzAIPe9z6Cg,2487,13,0,2,9,0.799,13.02,165.94
2026-08-26,UCk2O5vfW3c_W5YWQ_BoD1Ug,455783,2753,17,71,533,26.494,66.18,38.54
2026-08-26,UCm3RYOItKT_P0-oRCkkSMZw,49324,337,3,42,146,21.718,33.28,147.28
2026-08-26,UCnwjt6PgkKuZC4S1A0yTOFQ,35178,326,6,31,92,24.83,30.71,210.88
2026-08-26,UCsbnInDepLdq6o781WVZ-5g,28832,337,0,12,52,4.732,76.39,63.4
2026-08-26,UCvfQU0Npb-ve-LxUlaAN1GA,6349,76,3,0,14,0.408,53.07,43.43
2026-08-26,UCx08xHWVSQIiujaTJb8HWYg,29936,421,2,15,108,0.0,43.83,66.88
2026-08-26,UCxfDVRNK6SoN59v_t3ZJ33A,332644,6423,1,3,169,87.013,43.57,59.73
2026-08-26,UCxhHKduxLRNAOC_GUHPPf1Q,9085,62,1,9,29,23.381,14.15,205.12
2026-08-26,UCxxl4xdZZqRSSz2VfnFBhwA,24693,188,1,5,45,13.243,63.37,76.48
2026-08-27,UC01rTYtA_UsuZ5wzxnyHFcg,1802,13,1,5,11,1.773,9.75,278.45
2026-08-27,UC0GVHmLgrxE2SS8F0C19JVg,11164,58,4,7,26,18.285,27.55,197.68
2026-08-27,UC2IjY1Gm6b7pYp-vMJ2R9ig,25664,133,3,12,82,22.617,14.65,209.42
2026-08-27,UC3WZLJlwYaCEurdUywF8ibg,863,6,0,0,1,0.0,20.23,112.35
2026-08-27,UC49-b-BhbYoG54YNkwmzg8w,698,3,0,1,2,1.886,7.94,119.98
2026-08-27,UC77WdDKy6cbCxZkC46eaudA,33979,152,3,18,85,20.305,12.66,177.69
2026-08-27,UC80LfoIH6FrzHTm6lXTWCKQ,20952,311,2,11,42,10.144,43.24,100.93
2026-08-27,UC82nFsZOjs5Tr96upPPq9Ww,22729,-371,3,10,43,21.174,17.28,250.52
2026-08-27,UC8Fm-ogvMehvbgF0BJjKiuQ,5154,37,2,7,7,5.172,54.55,147.49
2026-08-27,UC8gDq5ENmiVuJZIVsiZbQ8g,43154,225,1,14,50,0.0,48.15,47.94
2026-08-27,UCAkSxwl8Lbk2hBXAAfsEFTA,12496,93,1,10,29,17.629,11.89,231.85
2026-08-27,UCEFB0gMdnD1NyiZaedHg2hQ,122039,1927,13,73,223,53.274,49.95,88.82
2026-08-27,UCHONLLEtQ4f9yoqa1BWlhSg,6618,70,0,1,11,1.966,83.58,39.95
2026-08-27,UCIg97fCjw1HnS8vPqwiHLGA,7573,47,1,9,30,6.339,16.61,200.13
2026-08-27,UCJw9px5fOp-nwJG6g4gN1ng,158071,4048,32,70,171,35.598,80.66,44.04
2026-08-27,UCLQ4NoTptaCDG4nUvDLtUoQ,20738780,62708,2440,17324,33428,30915.776,8.26,148.66
2026-08-27,UCL_RZ1IidYQkVQxfimfnPSQ,44245,125,2,5,48,3.417,104.14,30.47
2026-08-27,UCMGKZD9ggu_Pfo4dkL47cXQ,104542,866,9,67,225,59.575,27.1,150.4
2026-08-27,UCOfo1ycUYYsMkBRS56TSo3Q,43864,231,5,28,52,0.0,24.92,157.77
2026-08-27,UCP4STX85lq_fpEtvQcq_5fw,14907,60,1,6,35,9.825,16.14,188.71
2026-08-27,UCR4Cs9hP32cWkrfm4BgUTcA,7406,61,1,26,64,2.435,20.67,150.52
2026-08-27,UCSlOhfr5f-RPRP50yRri1uA,18619642,167741,739,3468,24408,2882.966,50.57,32.31
2026-08-27,UCT7ZxKrKqxBvAODr8h_ODkA,33001,307,4,32,90,17.678,10.99,257.61
2026-08-27,UCTGoaBFABIBLXcqXzCM5D3A,48115,198,1,8,25,0.0,53.19,60.91
2026-08-27,UCTqUiADoXl9Cq74vCP4FJCQ,0,0,0,0,0,0.0,0.0,0.0
2026-08-27,UCVRU0wQxaEQdq0CKQHfifZg,14540,129,4,42,33,0.0,16.8,220.6
2026-08-27,UCXFZGASkb3Eq9zY7MlwJT_w,21831,175,5,44,113,8.039,21.52,303.52
2026-08-27,UCXJiqB85OD4gnutvJ-gKHsg,18026,135,1,17,54,19.174,10.06,219.11
2026-08-27,UCZFs3JqsRIqtqYgo4HahDUQ,189208,740,19,79,175,0.0,27.94,113.27
2026-08-27,UCZem4a64VnhfA4CBw9vM2bg,121806,3063,30,41,83,30.809,74.7,47.8
2026-08-27,UCbnCFV5_c-nGiEQN1anEO5A,468,2,0,1,1,0.16,5.33,76.23
2026-08-27,UCc-V01UlW1n8eGLpATLA5gw,18041,110,7,20,76,16.916,5.5,208.6
2026-08-27,UCctSzoeee7KCnR84dZ6IO7w,322,1,0,1,1,0.273,13.74,148.15
2026-08-27,UCdtOFTQ1GVPKzvOYsi1ApIw,9423,39,2,8,15,14.703,9.72,256.43
2026-08-27,UCeVTtB1kN607CxFrFkiqjgQ,36687,397,1,11,98,16.626,55.66,137.43
2026-08-27,UCf3lAEw_WPtcgHMUVAunzSw,4081,49,0,4,12,1.065,42.46,88.72
2026-08-27,UChhBhc7qJ42rgzAIPe9z6Cg,3171,21,0,6,15,0.912,12.44,165.4
2026-08-27,UCk2O5vfW3c_W5YWQ_BoD1Ug,567244,3807,8,98,653,29.963,68.61,43.87
2026-08-27,UCkIOcyGqKTJMIIyFHJunYDA,0,0,0,0,0,0.0,0.0,0.0
2026-08-27,UCm3RYOItKT_P0-oRCkkSMZw,58063,358,10,37,181,24.915,31.72,144.04
2026-08-27,UCnKHDbf4TM65HyT2XdQaT6Q,16365,150,2,19,42,0.0,25.67,122.32
2026-08-27,UCnwjt6PgkKuZC4S1A0yTOFQ,50615,527,8,33,112,27.147,38.49,165.63
2026-08-27,UCpIy4TLha18XWuB5QuDUuDg,213818,699,26,121,423,39.287,17.58,256.09
2026-08-27,UCpUrAXv2lzGxM4plYB7CE-A,36822,296,4,13,55,0.0,50.55,75.21
2026-08-27,UCqbTAXnwXspcNb7l3UqrOHQ,12611,225,0,2,27,0.0,108.03,33.8
2026-08-27,UCsbnInDepLdq6o781WVZ-5g,19571,175,3,7,42,4.218,61.5,93.08
2026-08-27,UCtcRvNlJZmiq7h0Z1p_-MxA,12377,75,3,24,29,17.551,7.26,250.89
2026-08-27,UCvfQU0Npb-ve-LxUlaAN1GA,6905,78,0,0,14,0.369,54.51,43.42
2026-08-27,UCx08xHWVSQIiujaTJb8HWYg,33656,331,3,9,122,0.0,34.84,65.95
2026-08-27,UCxfDVRNK6SoN59v_t3ZJ33A,10411,122,2,6,28,5.336,31.28,205.9
2026-08-27,UCxhHKduxLRNAOC_GUHPPf1Q,10151,58,0,7,17,15.617,13.98,199.85
2026-08-27,UCxxl4xdZZqRSSz2VfnFBhwA,22379,159,0,13,43,20.245,53.91,127.97
2026-08-27,UCziUHYf8SrgwU3hWmNM5YNQ,43995,311,3,29,159,39.95,19.28,285.71
2026-08-28,UC01rTYtA_UsuZ5wzxnyHFcg,1704,3,0,3,8,1.366,8.98,247.48
2026-08-28,UC0GVHmLgrxE2SS8F0C19JVg,11722,139,2,15,18,19.775,27.9,198.21
2026-08-28,UC2IjY1Gm6b7pYp-vMJ2R9ig,28281,177,6,27,79,26.132,15.29,209.77
2026-08-28,UC2jHP3YhgMucr6UlgFzRhbA,0,0,0,0,0,0.0,0.0,0.0
2026-08-28,UC3WZLJlwYaCEurdUywF8ibg,627,2,1,1,0,0.0,22.13,99.77
2026-08-28,UC49-b-BhbYoG54YNkwmzg8w,489,2,0,0,0,0.707,6.67,108.46
2026-08-28,UC77WdDKy6cbCxZkC46eaudA,36056,153,5,17,72,22.352,12.52,177.07
2026-08-28,UC80LfoIH6FrzHTm6lXTWCKQ,20765,347,2,14,47,0.0,40.79,113.7
2026-08-28,UC82nFsZOjs5Tr96upPPq9Ww,13975,96,2,14,37,13.105,13.22,262.01
2026-08-28,UC8Fm-ogvMehvbgF0BJjKiuQ,7099,62,0,6,5,4.754,64.91,96.65
2026-08-28,UC8gDq5ENmiVuJZIVsiZbQ8g,35739,207,3,20,44,0.0,42.37,72.31
2026-08-28,UCAkSxwl8Lbk2hBXAAfsEFTA,19279,130,5,21,65,21.16,8.03,190.54
2026-08-28,UCEFB0gMdnD1NyiZaedHg2hQ,143203,1884,35,111,233,73.728,45.46,102.69
2026-08-28,UCHONLLEtQ4f9yoqa1BWlhSg,5660,85,0,0,4,1.415,103.06,42.01
2026-08-28,UCIg97fCjw1HnS8vPqwiHLGA,10868,78,0,12,26,8.761,16.13,205.48
2026-08-28,UCJw9px5fOp-nwJG6g4gN1ng,108070,2821,23,45,153,33.838,81.31,50.65
2026-08-28,UCJyOxDvifY5Xw18aNm_I8YQ,12711,66,0,31,39,0.0,22.34,330.26
2026-08-28,UCLQ4NoTptaCDG4nUvDLtUoQ,101281,310,5,96,155,186.902,7.84,149.31
2026-08-28,UCL_RZ1IidYQkVQxfimfnPSQ,36941,130,1,4,50,2.968,101.36,32.14
2026-08-28,UCMGKZD9ggu_Pfo4dkL47cXQ,138432,1191,71,90,284,75.898,30.11,140.16
2026-08-28,UCNkelFxYeQTdVdBzl3yaliw,10312,87,5,9,38,0.0,11.57,182.01
2026-08-28,UCOfo1ycUYYsMkBRS56TSo3Q,54494,390,1,26,52,0.0,47.66,81.75
2026-08-28,UCP4STX85lq_fpEtvQcq_5fw,19780,91,2,10,43,11.628,15.65,188.52
2026-08-28,UCR4Cs9hP32cWkrfm4BgUTcA,8629,103,4,20,55,2.321,17.23,169.18
2026-08-28,UCSlOhfr5f-RPRP50yRri1uA,388479,3147,13,58,555,44.703,51.11,36.84
2026-08-28,UCT7ZxKrKqxBvAODr8h_ODkA,32258,357,10,53,82,21.025,11.23,267.21
2026-08-28,UCTGoaBFABIBLXcqXzCM5D3A,45949,208,2,11,40,0.0,50.45,45.15
2026-08-28,UCTqUiADoXl9Cq74vCP4FJCQ,0,0,0,0,0,0.0,0.0,0.0
2026-08-28,UCVRU0wQxaEQdq0CKQHfifZg,15476,102,1,16,25,0.0,10.91,204.11
2026-08-28,UCXFZGASkb3Eq9zY7MlwJT_w,27923,253,7,50,141,10.78,21.18,325.34
2026-08-28,UCXJiqB85OD4gnutvJ-gKHsg,17982,153,6,23,50,18.278,10.2,211.07
2026-08-28,UCZFs3JqsRIqtqYgo4HahDUQ,178867,618,4,75,167,0.0,29.89,109.66
2026-08-28,UCZem4a64VnhfA4CBw9vM2bg,99519,2494,29,30,73,31.212,72.03,58.33
2026-08-28,UCbnCFV5_c-nGiEQN1anEO5A,434,1,1,1,0,0.095,5.41,69.62
2026-08-28,UCc-V01UlW1n8eGLpATLA5gw,17829,83,0,17,42,20.301,5.57,203.85
2026-08-28,UCctSzoeee7KCnR84dZ6IO7w,342,1,0,1,1,0.313,12.89,158.63
2026-08-28,UCdtOFTQ1GVPKzvOYsi1ApIw,10957,59,4,8,26,14.748,9.44,243.64
2026-08-28,UCeVTtB1kN607CxFrFkiqjgQ,36326,320,0,13,62,15.284,58.91,133.27
2026-08-28,UCf3lAEw_WPtcgHMUVAunzSw,5452,58,1,2,13,2.505,32.65,109.89
2026-08-28,UChhBhc7qJ42rgzAIPe9z6Cg,3355,8,0,2,10,1.314,11.87,157.97
2026-08-28,UCk2O5vfW3c_W5YWQ_BoD1Ug,426772,3415,17,134,569,31.0,66.22,54.13
2026-08-28,UCkIOcyGqKTJMIIyFHJunYDA,0,0,0,0,0,0.0,0.0,0.0
2026-08-28,UCl_Nqhf2SGNwv4uvbvs3upg,100062,533,21,67,129,111.031,33.9,124.85
2026-08-28,UCm3RYOItKT_P0-oRCkkSMZw,61981,349,56,59,165,26.207,36.19,139.41
2026-08-28,UCmhHN34V-dphAOk3RXxjb0g,0,0,0,0,0,0.0,0.0,0.0
2026-08-28,UCnKHDbf4TM65HyT2XdQaT6Q,15195,131,1,14,44,0.0,24.9,123.64
2026-08-28,UCnwjt6PgkKuZC4S1A0yTOFQ,48315,474,2,51,115,27.61,37.66,190.48
2026-08-28,UCpIy4TLha18XWuB5QuDUuDg,198168,674,8,114,402,35.712,17.13,242.57
2026-08-28,UCpUrAXv2lzGxM4plYB7CE-A,100124,685,1,22,82,0.0,58.45,38.26
2026-08-28,UCqbTAXnwXspcNb7l3UqrOHQ,9931,137,0,7,24,0.0,110.68,39.18
2026-08-28,UCsbnInDepLdq6o781WVZ-5g,13188,87,1,12,36,3.956,25.22,139.78
2026-08-28,UCtcRvNlJZmiq7h0Z1p_-MxA,18654,101,1,38,42,21.168,6.84,248.89
2026-08-28,UCvfQU0Npb-ve-LxUlaAN1GA,4980,31,0,0,6,0.403,52.72,49.04
2026-08-28,UCx08xHWVSQIiujaTJb8HWYg,31678,295,2,16,111,0.0,32.5,75.72
2026-08-28,UCxfDVRNK6SoN59v_t3ZJ33A,9932,98,0,12,24,6.031,23.51,234.15
2026-08-28,UCxhHKduxLRNAOC_GUHPPf1Q,9854,47,1,8,30,16.94,14.23,219.81
2026-08-28,UCxxl4xdZZqRSSz2VfnFBhwA,12896,103,3,9,27,23.631,29.21,250.81
2026-08-28,UCziUHYf8SrgwU3hWmNM5YNQ,46648,298,14,42,157,46.546,19.51,299.02
2026-08-29,UC01rTYtA_UsuZ5wzxnyHFcg,0,0,0,0,0,0.0,0.0,0.0
2026-08-29,UC0GVHmLgrxE2SS8F0C19JVg,0,0,0,0,0,0.0,0.0,0.0
2026-08-29,UC2IjY1Gm6b7pYp-vMJ2R9ig,0,0,0,0,0,0.0,0.0,0.0
2026-08-29,UC2jHP3YhgMucr6UlgFzRhbA,0,0,0,0,0,0.0,0.0,0.0
2026-08-29,UC49-b-BhbYoG54YNkwmzg8w,0,0,0,0,0,0.0,0.0,0.0
2026-08-29,UC77WdDKy6cbCxZkC46eaudA,0,0,0,0,0,0.0,0.0,0.0
2026-08-29,UC80LfoIH6FrzHTm6lXTWCKQ,0,0,0,0,0,0.0,0.0,0.0
2026-08-29,UC82nFsZOjs5Tr96upPPq9Ww,0,0,0,0,0,0.0,0.0,0.0
2026-08-29,UC8Fm-ogvMehvbgF0BJjKiuQ,0,0,0,0,0,0.0,0.0,0.0
2026-08-29,UC8gDq5ENmiVuJZIVsiZbQ8g,0,0,0,0,0,0.0,0.0,0.0
2026-08-29,UCAkSxwl8Lbk2hBXAAfsEFTA,0,0,0,0,0,0.0,0.0,0.0
2026-08-29,UCEFB0gMdnD1NyiZaedHg2hQ,0,0,0,0,0,0.0,0.0,0.0
2026-08-29,UCIg97fCjw1HnS8vPqwiHLGA,0,0,0,0,0,0.0,0.0,0.0
2026-08-29,UCJw9px5fOp-nwJG6g4gN1ng,0,0,0,0,0,0.0,0.0,0.0
2026-08-29,UCJyOxDvifY5Xw18aNm_I8YQ,0,0,0,0,0,0.0,0.0,0.0
2026-08-29,UCLQ4NoTptaCDG4nUvDLtUoQ,0,0,0,0,0,0.0,0.0,0.0
2026-08-29,UCL_RZ1IidYQkVQxfimfnPSQ,0,0,0,0,0,0.0,0.0,0.0
2026-08-29,UCMGKZD9ggu_Pfo4dkL47cXQ,0,0,0,0,0,0.0,0.0,0.0
2026-08-29,UCNkelFxYeQTdVdBzl3yaliw,0,0,0,0,0,0.0,0.0,0.0
2026-08-29,UCSlOhfr5f-RPRP50yRri1uA,0,0,0,0,0,0.0,0.0,0.0
2026-08-29,UCT7ZxKrKqxBvAODr8h_ODkA,0,0,0,0,0,0.0,0.0,0.0
2026-08-29,UCTqUiADoXl9Cq74vCP4FJCQ,0,0,0,0,0,0.0,0.0,0.0
2026-08-29,UCXFZGASkb3Eq9zY7MlwJT_w,0,0,0,0,0,0.0,0.0,0.0
2026-08-29,UCXJiqB85OD4gnutvJ-gKHsg,0,0,0,0,0,0.0,0.0,0.0
2026-08-29,UCZFs3JqsRIqtqYgo4HahDUQ,0,0,0,0,0,0.0,0.0,0.0
2026-08-29,UCZem4a64VnhfA4CBw9vM2bg,0,0,0,0,0,0.0,0.0,0.0
2026-08-29,UCc-V01UlW1n8eGLpATLA5gw,0,0,0,0,0,0.0,0.0,0.0
2026-08-29,UCdtOFTQ1GVPKzvOYsi1ApIw,0,0,0,0,0,0.0,0.0,0.0
2026-08-29,UCeVTtB1kN607CxFrFkiqjgQ,0,0,0,0,0,0.0,0.0,0.0
2026-08-29,UCf3lAEw_WPtcgHMUVAunzSw,0,0,0,0,0,0.0,0.0,0.0
2026-08-29,UCk2O5vfW3c_W5YWQ_BoD1Ug,0,0,0,0,0,0.0,0.0,0.0
2026-08-29,UCkIOcyGqKTJMIIyFHJunYDA,0,0,0,0,0,0.0,0.0,0.0
2026-08-29,UCl_Nqhf2SGNwv4uvbvs3upg,0,0,0,0,0,0.0,0.0,0.0
2026-08-29,UCm3RYOItKT_P0-oRCkkSMZw,0,0,0,0,0,0.0,0.0,0.0
2026-08-29,UCmhHN34V-dphAOk3RXxjb0g,0,0,0,0,0,0.0,0.0,0.0
2026-08-29,UCnwjt6PgkKuZC4S1A0yTOFQ,0,0,0,0,0,0.0,0.0,0.0
2026-08-29,UCpIy4TLha18XWuB5QuDUuDg,0,0,0,0,0,0.0,0.0,0.0
2026-08-29,UCpUrAXv2lzGxM4plYB7CE-A,0,0,0,0,0,0.0,0.0,0.0
2026-08-29,UCsbnInDepLdq6o781WVZ-5g,0,0,0,0,0,0.0,0.0,0.0
2026-08-29,UCx08xHWVSQIiujaTJb8HWYg,0,0,0,0,0,0.0,0.0,0.0
2026-08-29,UCxfDVRNK6SoN59v_t3ZJ33A,0,0,0,0,0,0.0,0.0,0.0
2026-08-29,UCxhHKduxLRNAOC_GUHPPf1Q,0,0,0,0,0,0.0,0.0,0.0
2026-08-29,UCxxl4xdZZqRSSz2VfnFBhwA,0,0,0,0,0,0.0,0.0,0.0
2026-08-30,UC01rTYtA_UsuZ5wzxnyHFcg,0,0,0,0,0,0.0,0.0,0.0
2026-08-30,UC0GVHmLgrxE2SS8F0C19JVg,0,0,0,0,0,0.0,0.0,0.0
2026-08-30,UC2IjY1Gm6b7pYp-vMJ2R9ig,0,0,0,0,0,0.0,0.0,0.0
2026-08-30,UC2jHP3YhgMucr6UlgFzRhbA,0,0,0,0,0,0.0,0.0,0.0
2026-08-30,UC49-b-BhbYoG54YNkwmzg8w,0,0,0,0,0,0.0,0.0,0.0
2026-08-30,UC77WdDKy6cbCxZkC46eaudA,0,0,0,0,0,0.0,0.0,0.0
2026-08-30,UC80LfoIH6FrzHTm6lXTWCKQ,0,0,0,0,0,0.0,0.0,0.0
2026-08-30,UC82nFsZOjs5Tr96upPPq9Ww,0,0,0,0,0,0.0,0.0,0.0
2026-08-30,UC8Fm-ogvMehvbgF0BJjKiuQ,0,0,0,0,0,0.0,0.0,0.0
2026-08-30,UC8gDq5ENmiVuJZIVsiZbQ8g,0,0,0,0,0,0.0,0.0,0.0
2026-08-30,UCAkSxwl8Lbk2hBXAAfsEFTA,0,0,0,0,0,0.0,0.0,0.0
2026-08-30,UCEFB0gMdnD1NyiZaedHg2hQ,0,0,0,0,0,0.0,0.0,0.0
2026-08-30,UCHONLLEtQ4f9yoqa1BWlhSg,0,0,0,0,0,0.0,0.0,0.0
2026-08-30,UCIg97fCjw1HnS8vPqwiHLGA,0,0,0,0,0,0.0,0.0,0.0
2026-08-30,UCJw9px5fOp-nwJG6g4gN1ng,0,0,0,0,0,0.0,0.0,0.0
2026-08-30,UCJyOxDvifY5Xw18aNm_I8YQ,0,0,0,0,0,0.0,0.0,0.0
2026-08-30,UCLQ4NoTptaCDG4nUvDLtUoQ,0,0,0,0,0,0.0,0.0,0.0
2026-08-30,UCL_RZ1IidYQkVQxfimfnPSQ,0,0,0,0,0,0.0,0.0,0.0
2026-08-30,UCMGKZD9ggu_Pfo4dkL47cXQ,0,0,0,0,0,0.0,0.0,0.0
2026-08-30,UCNkelFxYeQTdVdBzl3yaliw,0,0,0,0,0,0.0,0.0,0.0
2026-08-30,UCSlOhfr5f-RPRP50yRri1uA,0,0,0,0,0,0.0,0.0,0.0
2026-08-30,UCT7ZxKrKqxBvAODr8h_ODkA,0,0,0,0,0,0.0,0.0,0.0
2026-08-30,UCTqUiADoXl9Cq74vCP4FJCQ,0,0,0,0,0,0.0,0.0,0.0
2026-08-30,UCXFZGASkb3Eq9zY7MlwJT_w,0,0,0,0,0,0.0,0.0,0.0
2026-08-30,UCXJiqB85OD4gnutvJ-gKHsg,0,0,0,0,0,0.0,0.0,0.0
2026-08-30,UCZFs3JqsRIqtqYgo4HahDUQ,0,0,0,0,0,0.0,0.0,0.0
2026-08-30,UCZem4a64VnhfA4CBw9vM2bg,0,0,0,0,0,0.0,0.0,0.0
2026-08-30,UCc-V01UlW1n8eGLpATLA5gw,0,0,0,0,0,0.0,0.0,0.0
2026-08-30,UCdtOFTQ1GVPKzvOYsi1ApIw,0,0,0,0,0,0.0,0.0,0.0
2026-08-30,UCeVTtB1kN607CxFrFkiqjgQ,0,0,0,0,0,0.0,0.0,0.0
2026-08-30,UCf3lAEw_WPtcgHMUVAunzSw,0,0,0,0,0,0.0,0.0,0.0
2026-08-30,UCk2O5vfW3c_W5YWQ_BoD1Ug,0,0,0,0,0,0.0,0.0,0.0
2026-08-30,UCkIOcyGqKTJMIIyFHJunYDA,0,0,0,0,0,0.0,0.0,0.0
2026-08-30,UCl_Nqhf2SGNwv4uvbvs3upg,0,0,0,0,0,0.0,0.0,0.0
2026-08-30,UCm3RYOItKT_P0-oRCkkSMZw,0,0,0,0,0,0.0,0.0,0.0
2026-08-30,UCmhHN34V-dphAOk3RXxjb0g,0,0,0,0,0,0.0,0.0,0.0
2026-08-30,UCnwjt6PgkKuZC4S1A0yTOFQ,0,0,0,0,0,0.0,0.0,0.0
2026-08-30,UCpUrAXv2lzGxM4plYB7CE-A,0,0,0,0,0,0.0,0.0,0.0
2026-08-30,UCsbnInDepLdq6o781WVZ-5g,0,0,0,0,0,0.0,0.0,0.0
2026-08-30,UCvfQU0Npb-ve-LxUlaAN1GA,0,0,0,0,0,0.0,0.0,0.0
2026-08-30,UCx08xHWVSQIiujaTJb8HWYg,0,0,0,0,0,0.0,0.0,0.0
2026-08-30,UCxfDVRNK6SoN59v_t3ZJ33A,0,0,0,0,0,0.0,0.0,0.0
2026-08-30,UCxhHKduxLRNAOC_GUHPPf1Q,0,0,0,0,0,0.0,0.0,0.0
2026-08-30,UCxxl4xdZZqRSSz2VfnFBhwA,0,0,0,0,0,0.0,0.0,0.0
2026-08-31,UC01rTYtA_UsuZ5wzxnyHFcg,0,0,0,0,0,0.0,0.0,0.0
2026-08-31,UC0GVHmLgrxE2SS8F0C19JVg,0,0,0,0,0,0.0,0.0,0.0
2026-08-31,UC2IjY1Gm6b7pYp-vMJ2R9ig,0,0,0,0,0,0.0,0.0,0.0
2026-08-31,UC2jHP3YhgMucr6UlgFzRhbA,0,0,0,0,0,0.0,0.0,0.0
2026-08-31,UC3o699rmxlcc6EJzt6emA-Q,0,0,0,0,0,0.0,0.0,0.0
2026-08-31,UC49-b-BhbYoG54YNkwmzg8w,0,0,0,0,0,0.0,0.0,0.0
2026-08-31,UC77WdDKy6cbCxZkC46eaudA,0,0,0,0,0,0.0,0.0,0.0
2026-08-31,UC80LfoIH6FrzHTm6lXTWCKQ,0,0,0,0,0,0.0,0.0,0.0
2026-08-31,UC82nFsZOjs5Tr96upPPq9Ww,0,0,0,0,0,0.0,0.0,0.0
2026-08-31,UC8gDq5ENmiVuJZIVsiZbQ8g,0,0,0,0,0,0.0,0.0,0.0
2026-08-31,UCAkSxwl8Lbk2hBXAAfsEFTA,0,0,0,0,0,0.0,0.0,0.0
2026-08-31,UCEFB0gMdnD1NyiZaedHg2hQ,0,0,0,0,0,0.0,0.0,0.0
2026-08-31,UCIg97fCjw1HnS8vPqwiHLGA,0,0,0,0,0,0.0,0.0,0.0
2026-08-31,UCJw9px5fOp-nwJG6g4gN1ng,0,0,0,0,0,0.0,0.0,0.0
2026-08-31,UCJyOxDvifY5Xw18aNm_I8YQ,0,0,0,0,0,0.0,0.0,0.0
2026-08-31,UCLQ4NoTptaCDG4nUvDLtUoQ,0,0,0,0,0,0.0,0.0,0.0
2026-08-31,UCL_RZ1IidYQkVQxfimfnPSQ,0,0,0,0,0,0.0,0.0,0.0
2026-08-31,UCMGKZD9ggu_Pfo4dkL47cXQ,0,0,0,0,0,0.0,0.0,0.0
2026-08-31,UCNkelFxYeQTdVdBzl3yaliw,0,0,0,0,0,0.0,0.0,0.0
2026-08-31,UCSlOhfr5f-RPRP50yRri1uA,0,0,0,0,0,0.0,0.0,0.0
2026-08-31,UCT7ZxKrKqxBvAODr8h_ODkA,0,0,0,0,0,0.0,0.0,0.0
2026-08-31,UCTqUiADoXl9Cq74vCP4FJCQ,0,0,0,0,0,0.0,0.0,0.0
2026-08-31,UCVRU0wQxaEQdq0CKQHfifZg,0,0,0,0,0,0.0,0.0,0.0
2026-08-31,UCXFZGASkb3Eq9zY7MlwJT_w,0,0,0,0,0,0.0,0.0,0.0
2026-08-31,UCXJiqB85OD4gnutvJ-gKHsg,0,0,0,0,0,0.0,0.0,0.0
2026-08-31,UCZFs3JqsRIqtqYgo4HahDUQ,0,0,0,0,0,0.0,0.0,0.0
2026-08-31,UCZem4a64VnhfA4CBw9vM2bg,0,0,0,0,0,0.0,0.0,0.0
2026-08-31,UCc-V01UlW1n8eGLpATLA5gw,0,0,0,0,0,0.0,0.0,0.0
2026-08-31,UCdtOFTQ1GVPKzvOYsi1ApIw,0,0,0,0,0,0.0,0.0,0.0
2026-08-31,UCeVTtB1kN607CxFrFkiqjgQ,0,0,0,0,0,0.0,0.0,0.0
2026-08-31,UCf3lAEw_WPtcgHMUVAunzSw,0,0,0,0,0,0.0,0.0,0.0
2026-08-31,UCk2O5vfW3c_W5YWQ_BoD1Ug,0,0,0,0,0,0.0,0.0,0.0
2026-08-31,UCkIOcyGqKTJMIIyFHJunYDA,0,0,0,0,0,0.0,0.0,0.0
2026-08-31,UCl_Nqhf2SGNwv4uvbvs3upg,0,0,0,0,0,0.0,0.0,0.0
2026-08-31,UCm3RYOItKT_P0-oRCkkSMZw,0,0,0,0,0,0.0,0.0,0.0
2026-08-31,UCmhHN34V-dphAOk3RXxjb0g,0,0,0,0,0,0.0,0.0,0.0
2026-08-31,UCnwjt6PgkKuZC4S1A0yTOFQ,0,0,0,0,0,0.0,0.0,0.0
2026-08-31,UCpUrAXv2lzGxM4plYB7CE-A,0,0,0,0,0,0.0,0.0,0.0
2026-08-31,UCsbnInDepLdq6o781WVZ-5g,0,0,0,0,0,0.0,0.0,0.0
2026-08-31,UCvfQU0Npb-ve-LxUlaAN1GA,0,0,0,0,0,0.0,0.0,0.0
2026-08-31,UCx08xHWVSQIiujaTJb8HWYg,0,0,0,0,0,0.0,0.0,0.0
2026-08-31,UCxfDVRNK6SoN59v_t3ZJ33A,0,0,0,0,0,0.0,0.0,0.0
2026-08-31,UCxhHKduxLRNAOC_GUHPPf1Q,0,0,0,0,0,0.0,0.0,0.0
2026-08-31,UCxxl4xdZZqRSSz2VfnFBhwA,0,0,0,0,0,0.0,0.0,0.0
2026-08-31,UCziUHYf8SrgwU3hWmNM5YNQ,0,0,0,0,0,0.0,0.0,0.0
