date,video_id,views
2026-06-09,_eiB2fU6en4,197
2026-06-09,BQhJZM8F0Ao,867
2026-06-09,1V_mmomDhWA,3933
2026-06-09,MJ-1PHbzFZc,2127
2026-06-09,WJfsNkhZGfk,1890
2026-06-09,UFCEey6QulM,1927
2026-06-09,ENgzytlZ8Jc,1451
2026-06-09,0xr1BPyh4_g,266
2026-06-09,-rej8qFrY9c,669
2026-06-09,fQSw-xWoDvw,2762
2026-06-09,JH-WnFxDvi4,8509
2026-06-09,kDAQDYXSfEA,600
2026-06-09,0wisNGL6BEo,12294
2026-06-09,K1OMNGQ4C9w,2130
2026-06-09,Jt0YQ_MkXsM,1553
2026-06-09,yoMF6t-6gWc,925
2026-06-09,hZGZqI9ll-8,4329
2026-06-09,rdZglWK3lBA,4183
2026-06-09,cn6iEecnuUQ,1728
2026-06-09,buaQ1xpbFXc,1784
2026-06-09,P4TkzSFu5cQ,101865
2026-06-09,Bh7Ic1A2c6c,1641
2026-06-09,pOgKmIy_WyQ,530
2026-06-09,NEBNvIn_q8I,493
2026-06-09,frEX3ykuBkU,180
2026-06-09,EMfwu-OKmzk,420
2026-06-09,ymEUCKysW00,262
2026-06-09,iqKFSeWvaDA,7997
2026-06-09,kzrgCq0L8T8,9397
2026-06-09,K3RixLvdHc4,21619
2026-06-09,7ZCXqd-0sNU,187
2026-06-09,n6bDl-kU6Rg,370
2026-06-09,Mq-2P_CwHKc,8371
2026-06-09,MJDS-XaFwnE,3679
2026-06-09,rcVMUXk8GnY,3867
2026-06-09,UVe8TVIjqsI,8191
2026-06-09,5q6ux-IAtdE,2688
2026-06-09,dw8AEeQhXDQ,3817
2026-06-09,KrorQsUI_I4,2410
2026-06-09,iG1KlaqbaHE,1304
2026-06-09,tt9UE8bcKbw,689
2026-06-09,UDxYGL8mwvo,1176
2026-06-09,lm3rq7rxW0Y,852
2026-06-09,YqztTMd7PCI,337245
2026-06-09,uu8s_k3L8-4,5305
2026-06-09,c_giVntGMVY,1318
2026-06-09,QrC542QItv8,12793
2026-06-09,DwvBItqIJSY,677
2026-06-09,CU99V03uqQc,414
2026-06-09,deaQX2IpC2A,14069
2026-06-09,LzriFBMy3-w,9245
2026-06-09,85cMml0vsxg,830
2026-06-09,vCBCjyj9WMM,6101
2026-06-09,KnXQvKIUAg0,1859
2026-06-09,KfBAuqUHp9w,936
2026-06-09,tvKxE8ZG3JE,1140
2026-06-09,9OM6Aa3ZI5E,3774
2026-06-09,mGL8-FduX4Q,14624
2026-06-09,76ozZ_CKn5g,19026
2026-06-09,uA462rsqjdc,5092
2026-06-09,Cj9zHb2AmjQ,1583
2026-06-09,oAwKSIZVpFI,10563
2026-06-09,dhDxUGEdxF0,5868
2026-06-09,O-WO6uva9h4,24115
2026-06-09,i20wlGui_bY,32384
2026-06-09,OADDVwkh4LI,66425
2026-06-09,j-YHxUSCDcY,15878
2026-06-09,h9Nn66gPERA,7479
2026-06-09,_jHAx76lFRk,10006
2026-06-09,TqKpLQCSuAI,5876
2026-06-09,R_db9_rTVDU,55666
2026-06-09,Kc5VPyIO3bo,6572
2026-06-09,eodzty2Dcsk,5287
2026-06-09,as_k-M6lWds,9767
2026-06-09,pILChw6fvcE,3074
2026-06-09,LbctNKZAIDI,27856
2026-06-09,LsSLUSHMPWg,15838
2026-06-09,jz1Lwc_GiEw,12622
2026-06-09,GvINRUt5Sqs,11898
2026-06-09,5J002WhVtMA,208831
2026-06-09,MQITnrJwtbg,17715
2026-06-09,iFgfhxPp5AA,2779
2026-06-09,4rW548e9M0c,6198
2026-06-09,43XjyJfHvGY,20287
2026-06-09,A2JZXXdRai8,39453
2026-06-09,RE1AjeJkLCE,112322
2026-06-09,Hxm06ZEMF1s,50720
2026-06-09,VJiWopXenn4,9370
2026-06-09,zhrdHvXuCVE,3599
2026-06-09,7a2wUHkGCGs,7252
2026-06-09,_fH9eSV3heM,36218
2026-06-09,RJD9DGmHvjA,21025
2026-06-09,vQvWtSRIoe4,92081
2026-06-09,SFdjoLVtb90,34294
2026-06-09,-VGotTivHGs,18597
2026-06-09,Z4wLH3aUoI0,1863
2026-06-09,qNUzzqf2aB0,157585
2026-06-09,14ZntbPe570,71067
2026-06-09,wQjATPRxJU8,6833
2026-06-09,Vd_8EF9B2Ng,414141
2026-06-09,kjaK5PxWclQ,26366
2026-06-09,AzWmhYKZLYM,67736
2026-06-09,T0X9ctn1k-E,224703
2026-06-09,G1NUPoQx4KI,121473
2026-06-09,_sePRWmxPok,71680
2026-06-09,abBTSZwiIzg,2265
2026-06-09,k22GtJ_Hh2k,993
2026-06-09,1UBBBIQ3EKk,61
2026-06-09,ITAJ_txwE8Y,15967
2026-06-09,7iAdn-dRBy8,2955
2026-06-09,fTqpSud9vhs,3772
2026-06-09,YcdJRLLEYtg,11737
2026-06-09,gFOlXXssQ64,24
2026-06-09,wbITytWEyL8,723
2026-06-09,O1rqI0enOeA,19956
2026-06-09,2zJZEdW5iDk,5117
2026-06-09,YMbuZaS5KTI,6857
2026-06-09,hHft5DWNmrM,17313
2026-06-09,xXjTicy-RQA,4801
2026-06-09,EzfRnacrQTA,5995
2026-06-09,WmZtoh39sbs,6366
2026-06-09,2glXC5MAJEI,18159
2026-06-09,EqrizILDN-E,8408
2026-06-09,sxAvCrnmrJI,36748
2026-06-09,ioPuxqgsI7A,1823
2026-06-09,xIuwOFtcnEI,9405
2026-06-09,EPu9OroSYEE,23195
2026-06-09,IYsBLzq1kzQ,3238
2026-06-09,UIJjKqKx_ys,41477
2026-06-09,2OQjBt5DGJQ,43293
2026-06-09,8WY-nG14N7s,16219
2026-06-09,gHLtnMGuuuM,10753
2026-06-09,jOGEtXTDyI4,17045
2026-06-09,2G8fH_PueQU,403
2026-06-09,Kyq2ddD7MFA,8395
2026-06-09,Fm2lJSv1ZJ4,56278
2026-06-09,oi0-52K37vg,20881
2026-06-09,or3gmJ1PS50,23402
2026-06-09,x1gbfw7RUlw,14501
2026-06-09,qFr0jXVXZYw,40597
2026-06-09,xadzhna,30
2026-06-09,xadzem2,66
2026-06-09,xadzbzy,19
2026-06-09,xadlxg6,78
2026-06-09,xadm02m,61
2026-06-09,xadltj2,893
2026-06-09,xad4g32,30
2026-06-09,xad4b9s,11
2026-06-09,xad4822,30
2026-06-09,xacw0ja,73
2026-06-09,xacs1qi,980
2026-06-09,xacrzwo,97
2026-06-09,xacrxvu,80
2026-06-09,xachvgy,112
2026-06-09,xacgxy2,8225
2026-06-09,xacgsy0,78
2026-06-09,xabnzt4,132
2026-06-09,xabmtiu,112
2026-06-09,xabmopm,571
2026-06-09,xabg93s,198
2026-06-09,xab8jma,84
2026-06-09,xab8ifi,134
2026-06-09,xab8kjs,39
2026-06-09,xaar57o,3559
2026-06-09,xaaraea,401
2026-06-09,xaaagp4,16808
2026-06-09,xaaah4y,7111
2026-06-09,xaaahyk,82
2026-06-09,xaa28ts,22
2026-06-09,xaa283i,78
2026-06-09,xa9kors,120
2026-06-09,xa8pbqq,659
2026-06-09,xa8lbbq,15204
2026-06-09,xa8l8cg,22428
2026-06-09,xa89kga,255
2026-06-09,xa7emyu,202
2026-06-09,xa78u2w,763
2026-06-09,xa74zao,167
2026-06-09,xa6v888,797
2026-06-09,xa6k7s6,194
2026-06-09,xa6bjo0,334
2026-06-09,xa6bbam,385
2026-06-09,xa66o0i,6196
2026-06-09,xa5pv7c,272
2026-06-09,xa5kmsg,30879
2026-06-09,xa5kdvk,447
2026-06-09,xa5hx08,5768
2026-06-09,xa4mboa,544
2026-06-09,xa4m9su,1679
2026-06-09,xa4k8vs,7880
2026-06-09,x9zll76,10121
2026-06-09,x9ziubk,994
2026-06-09,x9zclz8,20905
2026-06-09,x9z9z10,1027
2026-06-09,x9z6xyc,775
2026-06-09,x9z3oiu,2939
2026-06-09,x9z0tii,1721
2026-06-09,x9yxg0a,29633
2026-06-09,x9ytqmy,4510
2026-06-09,x9yqv3a,1754
2026-06-09,x9ynfg2,25280
2026-06-09,x9ybu6w,1607
2026-06-09,x9y7cci,1543
2026-06-09,x9y2co0,512
2026-06-09,x9xv91y,3740
2026-06-09,x9xv7u6,1303
2026-06-09,x9xpi7q,3469
2026-06-09,x9xlqpu,13415
2026-06-09,x9xlhui,2743
2026-06-09,x9xlg70,3457
2026-06-09,x9xe6a2,819
2026-06-09,x9x91vs,14750
2026-06-09,x9x19t0,32187
2026-06-09,x9wrk2g,1143
2026-06-09,x9wpgys,411
2026-06-09,x9wm3iq,3098
2026-06-09,x9wm2h8,4595
2026-06-09,x9wbyr2,1555
2026-06-09,x9way12,46029
2026-06-09,x9w9ddu,100400
2026-06-09,x9w8lr0,672
2026-06-09,x9vpstw,421
2026-06-09,x9vkgtq,3297
2026-06-09,x9vjx5k,21673
2026-06-09,x9vjv6k,344
2026-06-09,x9vggqs,7400
2026-06-09,x9vd7xe,437
2026-06-09,x9va9ty,6532
2026-06-09,x9v8gvu,10330
2026-06-09,x9v4nlw,1288
2026-06-09,x9v2y2a,1245
2026-06-09,x9v0dks,50518
2026-06-09,x9uxid4,39783
2026-06-09,x9utkio,2133
2026-06-09,x9upcys,11342
2026-06-09,x9uik90,3198
2026-06-09,x9ugao2,1011
2026-06-09,x9ue7dw,460
2026-06-09,x9ubmlc,362
2026-06-09,x9ub6ii,1123
2026-06-09,x9u8b2q,507
2026-06-09,x9u3p4e,107
2026-06-09,x9tv3sm,1585
2026-06-09,x9ttcta,117534
2026-06-09,x9tkucm,570
2026-06-09,x9tiwx2,6091
2026-06-09,x9t89go,8707
2026-06-09,x9t3xmc,11729
2026-06-09,x9sz17e,190164
2026-06-09,x9suhma,329
2026-06-09,x9srzj6,83
2026-06-09,x9shrk0,1574
2026-06-09,x9s429s,148
2026-06-09,xadzhma,7
2026-06-09,xadzbze,9
2026-06-09,xadmcfe,26
2026-06-09,xadm9xy,47
2026-06-09,xadm7f6,7
2026-06-09,xaddjwq,6
2026-06-09,xaddhdq,8
2026-06-09,xadcwjm,7
2026-06-09,xad4rmu,26
2026-06-09,xad4q8c,15
2026-06-09,xad4qwo,5
2026-06-09,xad4pp6,10
2026-06-09,xacvyjk,30
2026-06-09,xacvxwa,7
2026-06-09,xabdk7i,240
2026-06-09,xabdk6e,1462
2026-06-09,xabhlas,4881
2026-06-09,xabh3ig,63
2026-06-09,xab998e,646
2026-06-09,xab998c,2070
2026-06-09,xab44gy,212
2026-06-09,xab44h0,20893
2026-06-09,xab44h8,47
2026-06-09,xaalzoi,32
2026-06-09,xaalzog,486
2026-06-09,xaalzok,66
2026-06-09,xaamwpu,7
2026-06-09,xaa7o4u,94
2026-06-09,xaa7o4s,503
2026-06-09,xa9p4qk,29
2026-06-09,xa9p4qi,53
2026-06-09,xa9p4qg,76
2026-06-09,xa9ovus,109
2026-06-09,xa9ovuq,150
2026-06-09,xa9kijg,26
2026-06-09,xa9gryu,19
2026-06-09,xa9fxqu,19014
2026-06-09,xa9gr7e,15
2026-06-09,xa9kjhk,21
2026-06-09,xa9fxqm,51151
2026-06-09,xa9k74g,72
2026-06-09,xa9k6qq,1213
2026-06-09,xa9k5oi,3
2026-06-09,x9y07og,94
2026-06-09,x9y06j4,26
2026-06-09,x9y05g6,456
2026-06-09,x9xi1ac,10
2026-06-09,x9x8i16,799
2026-06-09,x9wv3eg,19
2026-06-09,x9wv28q,15
2026-06-09,x9wk4fk,863
2026-06-09,x9w519k,7
2026-06-09,x9w50ka,13
2026-06-09,x9vs3s0,14
2026-06-09,x9vpybk,28
2026-06-09,x9vnfg8,12
2026-06-09,x9v4my6,17
2026-06-09,x9uum4o,559
2026-06-09,x9uqzx2,15
2026-06-09,x9upcxm,16
2026-06-09,x9unai6,10
2026-06-09,x9ugbwa,12
2026-06-09,x9ubt8g,8
2026-06-09,x9u8b5y,5
2026-06-09,x9u3si0,315
2026-06-09,x9twtgm,788
2026-06-09,x9ttd04,342
2026-06-09,x9trcvm,1744
2026-06-09,x9tos5q,6110
2026-06-09,x9tmepw,602
2026-06-09,x9tl1h8,4051
2026-06-09,x9tiv9a,22
2026-06-09,x9tesgw,28979
2026-06-09,x9t8b5o,175
2026-06-09,x9t3wdc,3499
2026-06-09,x9t2aca,46613
2026-06-09,x9sujig,362
2026-06-09,x9srvz2,262
2026-06-09,x9sl15o,64
2026-06-09,x9shsvi,23
2026-06-09,xadzhly,0
2026-06-09,xadzelq,1
2026-06-09,xadltyu,5
2026-06-09,xadlq06,1
2026-06-09,xadlnqu,1
2026-06-09,xaddcye,1
2026-06-09,xadd8su,1
2026-06-09,xadcwiq,10
2026-06-09,xadct9i,2
2026-06-09,xad4tfw,3
2026-06-09,xad4skc,2
2026-06-09,xad4ru2,2
2026-06-09,xad4qui,0
2026-06-09,xacvyjm,2
2026-06-09,xacvxwc,2
2026-06-09,xabhmxs,6
2026-06-09,xabh3ie,66
2026-06-09,xabgxd8,12
2026-06-09,xab8rhe,5
2026-06-09,xab8pda,8
2026-06-09,xab8pdc,5
2026-06-09,xaasqbi,16
2026-06-09,xaalopi,8
2026-06-09,xaalvn6,1
2026-06-09,xaalmdm,1
2026-06-09,xaaljyy,2
2026-06-09,xaaleac,9
2026-06-09,x9zftn2,121
2026-06-09,x9zfs7o,102
2026-06-09,x9zfuc4,159
2026-06-09,x9y6jr0,82
2026-06-09,x9y07ai,133
2026-06-09,x9xi0ha,75
2026-06-09,x9x8pfs,118
2026-06-09,x9wv4j8,198
2026-06-09,x9wv2n6,51
2026-06-09,x9wo3fc,99
2026-06-09,x9wk4v6,173
2026-06-09,x9wk42m,2341
2026-06-09,x9wk39o,336
2026-06-09,x9w51ly,24
2026-06-09,x9vvcr2,130
2026-06-09,x9vp4hq,1333
2026-06-09,x9vnfau,36
2026-06-09,x9vnd64,198
2026-06-09,x9vawzm,35
2026-06-09,x9v803u,22
2026-06-09,x9ur3ka,76
2026-06-09,x9unap6,162
2026-06-09,x9ulcie,157
2026-06-09,x9uie2k,12
2026-06-09,x9udpl8,735
2026-06-09,x9ubgk4,4
2026-06-09,x9u5vss,48
2026-06-09,x9twsjo,127
2026-06-09,x9tpf6i,17470
2026-06-09,x9tmu8k,2136
2026-06-09,x9tafhy,13339
2026-06-09,x9t635m,21075
2026-06-09,x9t3zxw,3192
2026-06-09,x9sz9qu,43126
2026-06-09,x9swdew,3837
2026-06-09,x9srwps,22
2026-06-09,x9spz34,405
2026-06-09,x9sjcey,493
2026-06-09,xadzeju,2
2026-06-09,xadzbza,39
2026-06-09,xadmmqu,2
2026-06-09,xadmkh6,5
2026-06-09,xade5aq,11
2026-06-09,xade0na,3
2026-06-09,xadcwja,4086
2026-06-09,xadct96,3
2026-06-09,xad4tfm,9
2026-06-09,xad4sk6,6
2026-06-09,xad4qty,4
2026-06-09,xad4ru0,4
2026-06-09,xacvzmq,9
2026-06-09,xacvz1w,2
2026-06-09,xabhmxo,44
2026-06-09,xabgynq,231
2026-06-09,xabgxd2,75
2026-06-09,xabcj0k,22
2026-06-09,xab8vlg,20
2026-06-09,xab3y7e,10
2026-06-09,xab42y8,10
2026-06-09,xab3y7c,3
2026-06-09,xaasluk,13
2026-06-09,xaasgag,3
2026-06-09,xaasgac,2
2026-06-09,xaasgai,21
2026-06-09,x9ybvvc,1590
2026-06-09,x9y92p8,897
2026-06-09,x9xski4,18018
2026-06-09,x9xsink,1122
2026-06-09,x9xb9f2,4394
2026-06-09,x9x1czg,1360
2026-06-09,x9wg2nk,4134
2026-06-09,x9wdfjy,1314
2026-06-09,x9w6zum,598
2026-06-09,x9w0f5g,125
2026-06-09,x9w014e,1289
2026-06-09,x9vxy80,839
2026-06-09,x9vpwjw,64
2026-06-09,x9vk3ge,1599
2026-06-09,x9vhgru,650
2026-06-09,x9vgxde,1576
2026-06-09,x9van42,1428
2026-06-09,x9v7xag,86
2026-06-09,x9uuaeo,266
2026-06-09,x9upcw2,201
2026-06-09,x9unbvg,1187
2026-06-09,x9uko0i,2478
2026-06-09,x9uiyck,126
2026-06-09,x9ude7e,68
2026-06-09,x9u8b7y,648
2026-06-09,x9u69yg,408
2026-06-09,x9tyvmc,196
2026-06-09,x9twrva,31
2026-06-09,x9tv41o,3783
2026-06-09,x9tte7w,5654
2026-06-09,x9tkokg,188
2026-06-09,x9tgt2q,111
2026-06-09,x9tevba,611
2026-06-09,x9td6mk,12
2026-06-09,x9td5n4,199
2026-06-09,x9taqco,138
2026-06-09,x9t7rr6,21
2026-06-09,x9t131e,1907
2026-06-09,x9swoxk,600
2026-06-09,x9sq0x4,11153
2026-06-09,x9snrsu,59
2026-06-09,x9sj798,535
2026-06-09,xadrr8y,533
2026-06-09,xadczsi,6
2026-06-09,xadctby,5
2026-06-09,xadcnh6,45
2026-06-09,xad4ppy,3612
2026-06-09,xad4n4e,102
2026-06-09,xad4o40,66
2026-06-09,xacvj6e,121
2026-06-09,xacvhbi,94
2026-06-09,xacvfhe,13
2026-06-09,xacvbz2,220
2026-06-09,xacgsv2,408
2026-06-09,xacg9u8,105
2026-06-09,xabcv40,91
2026-06-09,xabcv3w,140
2026-06-09,xabcv3u,3703
2026-06-09,xabcv3y,2741
2026-06-09,xabcv3s,40
2026-06-09,xab7oru,44
2026-06-09,xab7lwy,501
2026-06-09,xab7h0e,385
2026-06-09,xab7edc,42
2026-06-09,xaa2a8i,92
2026-06-09,xa9usnq,331
2026-06-09,xa8dbv0,73
2026-06-09,xa8d9ww,51
2026-06-09,xa7jltu,126
2026-06-09,xa79thg,758
2026-06-09,xa7535k,54
2026-06-09,xa74fp4,1109
2026-06-09,xa6jqfu,399
2026-06-09,xa6jk56,180
2026-06-09,xa66ag6,106
2026-06-09,xa5q154,466
2026-06-09,xa5kqi4,4289
2026-06-09,xa5i55u,1421
2026-06-09,xa5i43s,1430
2026-06-09,x9zll6k,88538
2026-06-09,x9ziuci,1124
2026-06-09,x9zcmne,3022
2026-06-09,x9z9z1a,2402
2026-06-09,x9z6xz8,10495
2026-06-09,x9z3kr8,349
2026-06-09,x9z13xs,200
2026-06-09,x9yxeai,209
2026-06-09,x9ytqty,239
2026-06-09,x9yqvzq,517
2026-06-09,x9ynliu,474
2026-06-09,x9y923k,136
2026-06-09,x9y3xw0,239
2026-06-09,x9y2bg6,1108
2026-06-09,x9xpiks,166
2026-06-09,x9xmvs8,102
2026-06-09,x9xljr2,3311
2026-06-09,x9xi38s,18
2026-06-09,x9xbffu,6456
2026-06-09,x9x1c32,174
2026-06-09,x9wv51q,1239
2026-06-09,x9wrlga,713
2026-06-09,x9wk64o,729
2026-06-09,x9wfdw8,4050
2026-06-09,x9w8o28,1380
2026-06-09,x9vnfdo,15
2026-06-09,x9vncv6,4
2026-06-09,x9vgnv4,13
2026-06-09,x9vd4n6,33
2026-06-09,x9vabv8,1261
2026-06-09,x9v7yzc,41
2026-06-09,x9v2zs6,106
2026-06-09,x9v0na4,2356
2026-06-09,x9uxgpk,4580
2026-06-09,x9uti1i,2506
2026-06-09,x9unaey,346
2026-06-09,x9ukw2c,1972
2026-06-09,x9ug3r6,17293
2026-06-09,x9udobi,2430
2026-06-09,x9ubp86,56
2026-06-09,x9u1bwc,347
2026-06-09,x9tyybe,914
2026-06-09,x9tv3pe,42231
2026-06-09,x9tr91e,811
2026-06-09,x9tow2o,2696
2026-06-09,x9tkwka,2420
2026-06-09,x9tj25q,97
2026-06-09,x9tgxz6,853
2026-06-09,x9talkk,3159
2026-06-09,x9t6128,167
2026-06-09,x9t12v0,5646
2026-06-09,x9szb2e,38351
2026-06-09,x9swqki,1450
2026-06-09,x9sui7m,316
2026-06-09,x9sq0ag,169
2026-06-09,x9sj6qo,2050
2026-06-09,x9shv24,14931
2026-06-09,x9s9asc,1024
2026-06-09,xadzjoy,1
2026-06-09,xadzej6,21
2026-06-09,xadm02a,6
2026-06-09,xadlxfu,16
2026-06-09,xadltgm,12
2026-06-09,xad4qza,0
2026-06-09,xad4pps,0
2026-06-09,xad4ohy,1
2026-06-09,xacvzmu,665
2026-06-09,xacvz1y,0
2026-06-09,xacs5u6,4
2026-06-09,xacrzxa,12
2026-06-09,xacs1q4,9
2026-06-09,xacrxws,1
2026-06-09,xacgxxm,24
2026-06-09,xacgsvu,1776
2026-06-09,xabqcvc,72
2026-06-09,xabqa6u,8
2026-06-09,xabq7kg,8
2026-06-09,xabq4iy,8
2026-06-09,xabcrnk,1
2026-06-09,xabcnfo,13
2026-06-09,xabc4vi,0
2026-06-09,xabc35e,8
2026-06-09,xa8l44g,21
2026-06-09,xa89ye8,220
2026-06-09,xa89nzs,519
2026-06-09,xa7jgog,37
2026-06-09,xa7etbq,10
2026-06-09,xa78v6k,37
2026-06-09,xa74zgi,9
2026-06-09,xa6v87e,29
2026-06-09,xa6uous,8
2026-06-09,xa6bplw,10
2026-06-09,xa6bj40,19
2026-06-09,xa6bavi,4
2026-06-09,xa5puv2,15
2026-06-09,xa5n4tc,18
2026-06-09,xa5n2j0,27
2026-06-09,xa5hudg,1385
2026-06-09,xa3b9g0,352
2026-06-09,xa3b87i,201
2026-06-09,xa34i4s,15
2026-06-09,xa34i4u,5
2026-06-09,xa34g16,154
2026-06-09,xa34b7a,2374
2026-06-09,x9xnsag,6
2026-06-09,x9w512s,25
2026-06-09,x9w506u,31
2026-06-09,x9vxpry,58
2026-06-09,xadzejy,44
2026-06-09,xadzbya,13
2026-06-09,xadrr8a,701
2026-06-09,xadczum,6
2026-06-09,xadctbu,20
2026-06-09,xadcnhe,26
2026-06-09,xad4qvs,883
2026-06-09,xad4n4c,114
2026-06-09,xad4nqq,26
2026-06-09,xacvfr6,184
2026-06-09,xacvdw0,209
2026-06-09,xacvbyq,354
2026-06-09,xacvagi,26
2026-06-09,xaci97i,136
2026-06-09,xacgxv8,226
2026-06-09,xabhkys,2475
2026-06-09,xabhi4q,160
2026-06-09,xabd4we,1848
2026-06-09,xab8y3u,315
2026-06-09,xab8y3w,570
2026-06-09,xab8y3q,170
2026-06-09,xab33m2,4794
2026-06-09,xab32me,37817
2026-06-09,xab320w,177
2026-06-09,xaal95q,120
2026-06-09,xaal4u8,112
2026-06-09,xaal1ho,114
2026-06-09,xaa6zw4,143
2026-06-09,xaa6xvi,222
2026-06-09,xaa6we0,174
2026-06-09,xa9oyf0,132048
2026-06-09,xa9p03k,2296
2026-06-09,xa9h598,369
2026-06-09,xa9gxrk,1808
2026-06-09,xa9a0ak,2014
2026-06-09,xa8obf6,120
2026-06-09,xa8dtuy,484
2026-06-09,xa7e46k,88
2026-06-09,xa7jgto,132
2026-06-09,xa79hxk,6613
2026-06-09,xa7530c,271
2026-06-09,xa6vc7y,1861
2026-06-09,xa6up1e,220
2026-06-09,xa6jpwo,2219
2026-06-09,xa6jjou,154
2026-06-09,xa66an0,10995
2026-06-09,xa5n2ia,142502
2026-06-09,xa5kmq8,1800
2026-06-09,xa5kdz4,33926
2026-06-09,xa4mdru,1449
2026-06-09,xa4kbw4,5991
2026-06-09,x9zlwig,2857
2026-06-09,x9zfwwq,2309
2026-06-09,x9zftj6,2333
2026-06-09,x9zcmk4,5368
2026-06-09,x9z9z0g,733
2026-06-09,x9z3k5s,12005
2026-06-09,x9z0u2i,2197
2026-06-09,x9yxj20,9379
2026-06-09,x9ytruw,3932
2026-06-09,x9yqsaa,702
2026-06-09,x9ynet4,105
2026-06-09,x9ycesc,8878
2026-06-09,x9y9396,739
2026-06-09,x9y6j96,757
2026-06-09,x9y2jcc,655
2026-06-09,x9y08w2,3312
2026-06-09,x9xvm6w,3225
2026-06-09,x9xt12o,5611
2026-06-09,x9xi62a,734
2026-06-09,x9xi492,257
2026-06-09,x9xbt5a,1764
2026-06-09,x9x1eeu,8461
2026-06-09,x9wv6lo,3228
2026-06-09,x9wfznw,2511
2026-06-09,x9wbrq0,2057
2026-06-09,x9w71ve,896
2026-06-09,x9w5258,1291
2026-06-09,x9w08jq,50693
2026-06-09,x9vy200,1285
2026-06-09,x9vv5iw,493
2026-06-09,x9vspl0,383
2026-06-09,x9vsmn6,978
2026-06-09,xadzeki,0
2026-06-09,xadmfd6,0
2026-06-09,xadmc5q,0
2026-06-09,xaddhpu,2
2026-06-09,xadd8q2,1
2026-06-09,xadcwi6,4
2026-06-09,xadct7q,0
2026-06-09,xad4u9c,1
2026-06-09,xad4tfo,0
2026-06-09,xad4rty,1
2026-06-09,xad4sk4,25
2026-06-09,xad4qtw,0
2026-06-09,xacvzmo,0
2026-06-09,xacvz22,0
2026-06-09,xabh8m8,14
2026-06-09,xabh9oa,56
2026-06-09,xabh7qa,2
2026-06-09,xabh6ua,335
2026-06-09,xab840k,0
2026-06-09,xa387z2,6
2026-06-09,xa387yw,1
2026-06-09,xa387yy,76
2026-06-09,xa387z0,6
2026-06-09,xa38fnu,5
2026-06-09,xa381pk,20
2026-06-09,xa38108,4
2026-06-09,xa3810c,5
2026-06-09,xa37s5e,2
2026-06-09,x9xdp9m,1
2026-06-09,x9xddlo,5
2026-06-09,x9xdb6q,12
2026-06-09,x9xvaqo,0
2026-06-09,x9xd8x4,4
2026-06-09,x9xvb64,1
2026-06-09,xae52oe,0
2026-06-09,xae4zoq,1
2026-06-09,xae4wk2,0
2026-06-09,xae4td2,1
2026-06-09,xae4qay,6
2026-06-09,xady4be,54
2026-06-09,xady1bq,18
2026-06-09,xadxyim,6
2026-06-09,xadxvnm,0
2026-06-09,xadxsrm,10
2026-06-09,xadd4gq,44
2026-06-09,xadczv2,56
2026-06-09,xadctd6,572
2026-06-09,xadcnjq,2
2026-06-09,xadchie,68
2026-06-09,xad5cr2,4
2026-06-09,xad526g,1
2026-06-09,xad5658,18
2026-06-09,xad54ig,16
2026-06-09,xad4y6s,8
2026-06-09,xacw7ss,18
2026-06-09,xacrqeq,10
2026-06-09,xacrob0,32
2026-06-09,xacrmf0,1920
2026-06-09,xacrhby,14
2026-06-09,xacrkqa,10
2026-06-09,xaci94g,16
2026-06-09,xachm5e,34
2026-06-09,xabnvfm,61
2026-06-09,xabnr0w,5823
2026-06-09,xabdi34,77
2026-06-09,xabdfzk,114
2026-06-09,xab43sk,28
2026-06-09,xaasnz8,41
2026-06-09,xaancy8,200
2026-06-09,xaadgdy,70
2026-06-09,xaa7scu,103
2026-06-09,xaa3ib4,12
2026-06-09,xa9owr6,29
2026-06-09,xa9l20c,26
2026-06-09,xa9h4sq,24
2026-06-09,xa9bbe8,4
2026-06-09,xa8qfvg,31
2026-06-09,xa8lw7g,41
2026-06-09,xa8ehgs,21
2026-06-09,xa7k1f2,639
2026-06-09,xa7g01c,48
2026-06-09,xa7aigi,27
2026-06-09,xa6vdq2,19
2026-06-09,xa6bfkq,161
2026-06-09,xa66mza,169
2026-06-09,xa628vu,1153
2026-06-09,xa5necy,39
2026-06-09,xa5kqjg,201
2026-06-09,xa5hai2,131
2026-06-09,xa52qce,65
2026-06-09,xa4v4cy,129
2026-06-09,xa42npu,142
2026-06-09,xa3vpsa,913
2026-06-09,xa3esx6,260
2026-06-09,xa3c3tc,240
2026-06-09,xa1svo2,490
2026-06-09,xa1pq2i,597
2026-06-09,xa0n3lu,5973
2026-06-09,x9zpnta,1303
2026-06-09,x9zm806,267
2026-06-09,x9zm21w,151
2026-06-09,x9zabeg,11824
2026-06-09,x9z4jtk,262
2026-06-09,x9yrhae,1318
2026-06-09,x9yocb2,362
2026-06-09,x9yl99w,4612
2026-06-09,x9yihl8,4150
2026-06-09,x9ycuii,1956
2026-06-09,x9y3z9m,187
2026-06-09,x9xvow8,8000
2026-06-09,x9xswwa,567
2026-06-09,x9xlgje,1486
2026-06-09,x9xepze,116
2026-06-09,x9x91h8,72
2026-06-09,x9x2qcs,1329
2026-06-09,x9x16vy,181
2026-06-09,x9ws8au,8843
2026-06-09,x9wpgbq,401
2026-06-09,x9wftik,165
2026-06-09,x9wb1w4,1126
2026-06-09,x9w76lc,735
2026-06-09,x9w0oic,595
2026-06-09,x9vsg68,1852
2026-06-09,x9vq6yk,711
2026-06-09,x9vk7wo,545
2026-06-09,x9vdtzi,66944
2026-06-09,x9vac3o,1777
2026-06-09,x9uy87g,1641
2026-06-09,x9ul1d2,43649
2026-06-09,x9ugeyg,921
2026-06-09,x9udy6c,140
2026-06-09,x9ubhmc,612
2026-06-09,x9u69d2,156
2026-06-09,x9u3gy6,872
2026-06-09,x9twrba,4486
2026-06-09,x9tpa9k,3540
2026-06-09,x9tmh1i,701
2026-06-09,x9tith6,8679
2026-06-09,x9tccly,1262
2026-06-09,x9t3mxu,166
2026-06-09,x9sz7u8,48381
2026-06-09,x9su97w,150
2026-06-09,x9ssela,611
2026-06-09,x9spule,5162
2026-06-09,xae5ute,0
2026-06-09,xae444u,2
2026-06-09,xae43de,15
2026-06-09,xae31fi,3
2026-06-09,xadxmlq,53
2026-06-09,xade90y,4738
2026-06-09,xade0pq,33
2026-06-09,xad5ofg,4
2026-06-09,xad5kyq,3197
2026-06-09,xad5iq2,68
2026-06-09,xad5d2s,791
2026-06-09,xacwu3w,3779
2026-06-09,xacwrvk,168
2026-06-09,xacwooc,7442
2026-06-09,xacwmju,116
2026-06-09,xacs8vy,62
2026-06-09,xacs5jq,101
2026-06-09,xacs01e,90
2026-06-09,xacimzk,13
2026-06-09,xacidsg,2
2026-06-09,xabpnvm,108
2026-06-09,xabmod6,14
2026-06-09,xabhtmm,21
2026-06-09,xa6vfv4,2733
2026-06-09,xa5kocc,54
2026-06-09,xa5hj3s,1858
2026-06-09,xa4w6ee,42
2026-06-09,xa46e62,2957
2026-06-09,xa3y3eo,254
2026-06-09,xa3n6mk,1279
2026-06-09,xa3fi8u,104
2026-06-09,xa2k43k,67
2026-06-09,xa1suxu,1955
2026-06-09,xa1prxq,827
2026-06-09,xa1k6k6,6499
2026-06-09,xa19q0i,1837
2026-06-09,xa13nbm,1226
2026-06-09,xa0mwaa,1860
2026-06-09,x9zm8gk,156
2026-06-09,x9zdck6,1996
2026-06-09,x9zclcm,3008
2026-06-09,x9z836q,798
2026-06-09,x9z4rp2,381
2026-06-09,x9yodre,1765
2026-06-09,x9ylb5q,10802
2026-06-09,x9yiwqi,1709
2026-06-09,x9ycxss,140
2026-06-09,x9y9iiq,426
2026-06-09,x9y4vze,257
2026-06-09,x9xv7vi,13312
2026-06-09,x9xpmp6,1466
2026-06-09,x9xlk92,2367
2026-06-09,x9x5idg,659
2026-06-09,x9x121s,296
2026-06-09,x9wfwow,28
2026-06-09,x9vycum,18
2026-06-09,x9vse7o,1542
2026-06-09,x9vkf20,1044
2026-06-09,x9vgxgu,7287
2026-06-09,x9val7c,57
2026-06-09,x9urcxq,47
2026-06-09,x9uivz4,6625
2026-06-09,x9ug7yk,46
2026-06-09,x9ub9l0,45711
2026-06-09,x9u1bm2,26625
2026-06-09,x9txbeo,5957
2026-06-09,x9tr80q,3116
2026-06-09,x9tmyvo,10011
2026-06-09,x9tcdpe,2413
2026-06-09,x9t3sii,110
2026-06-09,x9sz18k,4597
2026-06-09,x9swtu4,258
2026-06-09,x9sujm2,156
2026-06-09,x9ssdlm,45
2026-06-09,x9sdsc2,102
2026-06-09,xae5pxa,0
2026-06-09,xae5lxu,0
2026-06-09,xae5j96,0
2026-06-09,xae5gwq,0
2026-06-09,xae5cc6,4
2026-06-09,xadynpa,186
2026-06-09,xadykby,53
2026-06-09,xadyh0q,16
2026-06-09,xadydu2,1
2026-06-09,xadyaby,4
2026-06-09,xaddvu6,19
2026-06-09,xaddrsy,3
2026-06-09,xaddnym,17
2026-06-09,xaddkyu,5
2026-06-09,xaddhc2,14
2026-06-09,xad5l0m,1
2026-06-09,xad5f8w,0
2026-06-09,xad5ivg,10
2026-06-09,xad5be4,2
2026-06-09,xacwrwk,13
2026-06-09,xacs01a,35
2026-06-09,xacruas,5
2026-06-09,xacrw5m,15
2026-06-09,xabmod8,13
2026-06-09,xabhysq,36
2026-06-09,xabhtls,54
2026-06-09,xab2zza,10
2026-06-09,xaasqs8,25
2026-06-09,xaanciu,249
2026-06-09,xaaaomc,78
2026-06-09,xaa7xdi,18
2026-06-09,xaa42q4,11
2026-06-09,xa9u9u2,25
2026-06-09,xa9oz6q,23
2026-06-09,xa9l4qe,13
2026-06-09,xa9h1z2,19
2026-06-09,xa9ap76,9
2026-06-09,xa8r10e,21
2026-06-09,xa8lumi,330
2026-06-09,xa8eik0,43
2026-06-09,xa8a0aw,59
2026-06-09,xa7kwag,70
2026-06-09,xa7g0iu,50
2026-06-09,xa7aczg,67
2026-06-09,xa6vam2,28
2026-06-09,xa6kjnm,47
2026-06-09,xa6bmwk,85
2026-06-09,xa66ghw,27
2026-06-09,xa62dg4,1459
2026-06-09,xa5njqk,137
2026-06-09,xa537dw,188
2026-06-09,xa4wk66,69
2026-06-09,xa3x47e,770
2026-06-09,xa3n9jk,8845
2026-06-09,xa3fpe4,784
2026-06-09,xa3cad6,490
2026-06-09,xa2kvse,50097
2026-06-09,xa2ajrg,4179
2026-06-09,xa23370,119
2026-06-09,xa1sxf6,123
2026-06-09,xa1pnte,148
2026-06-09,xa1jdn0,1840
2026-06-09,xa19phg,552
2026-06-09,xa13p7w,9743
2026-06-09,xa13i1g,3354
2026-06-09,x9zpajc,1322
2026-06-09,x9zoxs4,613
2026-06-09,x9zdbrs,1641
2026-06-09,x9zcky2,1999
2026-06-09,x9z8450,2257
2026-06-09,x9z4v8i,504
2026-06-09,x9yoaiq,1629
2026-06-09,x9y9gr4,437
2026-06-09,x9xsyee,2761
2026-06-09,x9xnfys,15249
2026-06-09,x9xes10,253
2026-06-09,x9x8ufa,395
2026-06-09,x9x5ut0,13711
2026-06-09,x9x2xy8,4443
2026-06-09,x9x1654,601
2026-06-09,x9wpkw2,905
2026-06-09,x9we5p6,334
2026-06-09,x9w9jvk,16002
2026-06-09,x9w0fkg,454
2026-06-09,x9vsjbw,104
2026-06-09,x9vscjs,648
2026-06-09,x9vq240,277
2026-06-09,x9vh2a6,45
2026-06-09,x9vdwcq,280
2026-06-09,x9v87xi,89
2026-06-09,x9uyh3u,6901
2026-06-09,x9uisn2,463
2026-06-09,x9udnuk,180165
2026-06-09,x9u6hqu,12898
2026-06-09,x9u1diu,2319
2026-06-09,x9tyzmq,3815
2026-06-09,x9trg3q,21383
2026-06-09,x9tkha8,2304
2026-06-09,x9timpa,6902
2026-06-09,x9sumju,290
2026-06-09,x9ssjie,106
2026-06-09,x9sjfqk,69
2026-06-09,xae4kzi,7
2026-06-09,xae4i62,20
2026-06-09,xae4esu,16
2026-06-09,xae4c9e,16
2026-06-09,xae49ea,2
2026-06-09,xadxniy,75
2026-06-09,xadxkya,175
2026-06-09,xadxify,42
2026-06-09,xadxga6,40
2026-06-09,xadxdxu,16
2026-06-09,xadca5y,284
2026-06-09,xadc5me,832
2026-06-09,xadc0ym,605
2026-06-09,xadbwja,33
2026-06-09,xadbsmi,124
2026-06-09,xad4prw,31
2026-06-09,xad4olq,462
2026-06-09,xad4n7a,25
2026-06-09,xad4ls2,76
2026-06-09,xad4ktq,37
2026-06-09,xacw0bs,583
2026-06-09,xacvlks,4917
2026-06-09,xacvj44,212
2026-06-09,xacra0g,122
2026-06-09,xacr67e,307
2026-06-09,xacr274,1364
2026-06-09,xacqxre,2821
2026-06-09,xacqtha,4032
2026-06-09,xaci4gq,104
2026-06-09,xachhts,1504
2026-06-09,xabmuqs,492
2026-06-09,xabmt52,3825
2026-06-09,xabmrqu,85
2026-06-09,xabhlis,294
2026-06-09,xabgcu8,661
2026-06-09,xabddse,608
2026-06-09,xabd3ii,184
2026-06-09,xab3jfk,153
2026-06-09,xaasow2,165
2026-06-09,xaacile,1008
2026-06-09,xaa7rf0,1292
2026-06-09,xaa2rdq,99
2026-06-09,xa9tjua,8125
2026-06-09,xa9otiq,5073
2026-06-09,xa9kzse,130
2026-06-09,xa9gxt2,260
2026-06-09,xa9axvs,642
2026-06-09,xa8qp9q,27402
2026-06-09,xa8el76,738
2026-06-09,xa89y1q,568
2026-06-09,xa7ku1a,1359
2026-06-09,xa7fwve,8250
2026-06-09,xa7aadm,9490
2026-06-09,xa7548y,204
2026-06-09,xa62bo0,513182
2026-06-09,xa5nhxq,221
2026-06-09,xa5gvkc,551
2026-06-09,xa530ek,1308
2026-06-09,xa4vtvi,1026
2026-06-09,xa4689w,7115
2026-06-09,xa42ru8,1583
2026-06-09,xa3vv1u,8989
2026-06-09,xa3n4z0,6823
2026-06-09,xa3evvw,6664
2026-06-09,xa3c67a,3882
2026-06-09,xa238io,585
2026-06-09,xa1szb6,4705
2026-06-09,xa1polw,1346
2026-06-09,x9ycwac,718
2026-06-09,x9xeoai,528
2026-06-09,x9xbq0c,2104
2026-06-09,x9vxgnm,752
2026-06-09,x9vq4dy,3095
2026-06-09,x9vq3gg,249
2026-06-09,x9vk34k,2311
2026-06-09,x9vhb94,2271
2026-06-09,x9v86gg,456
2026-06-09,x9v0mkm,4006
2026-06-09,x9uxwag,26473
2026-06-09,x9uty9y,6994
2026-06-09,x9urb6a,4880
2026-06-09,x9ulazm,30036
2026-06-09,x9uiu7y,18836
2026-06-09,x9ugocs,770
2026-06-09,x9udvk0,12455
2026-06-09,x9ubj0u,18235
2026-06-09,x9u63n8,1318
2026-06-09,x9u1urm,1608
2026-06-09,x9tzmaw,37605
2026-06-09,x9tx7yq,212
2026-06-09,x9trymo,11078
2026-06-09,x9tkn9o,1050
2026-06-09,x9swn68,61113
2026-06-09,x9sukrw,2304
2026-06-09,x9ssgx4,153
2026-06-09,x9sqa48,272
2026-06-09,x9sdp56,433
2026-06-09,x9xxfho,75
2026-06-09,x9xb3dk,5
2026-06-09,x9xxjso,65
2026-06-09,x9xbano,0
2026-06-09,x9xxc5c,31
2026-06-09,x9xbai8,1
2026-06-09,xae5ut6,0
2026-06-09,xae46pu,2
2026-06-09,xae3ybm,15
2026-06-09,xae33a2,1
2026-06-09,xadxnii,31
2026-06-09,xade0pm,5
2026-06-09,xada32e,4
2026-06-09,xad5kyo,585
2026-06-09,xad5iq0,505
2026-06-09,xad5d2u,3
2026-06-09,xacwqf2,11
2026-06-09,xacwpau,2
2026-06-09,xacwn9k,2
2026-06-09,xacwgxm,2
2026-06-09,xacs8w0,19
2026-06-09,xacs5jo,20
2026-06-09,xacrzxw,2
2026-06-09,xacirnc,4
2026-06-09,xacimzi,3
2026-06-09,xa5nc8k,43
2026-06-09,xa3bh16,312
2026-06-09,xae5uti,0
2026-06-09,xae5pja,0
2026-06-09,xae4akq,1
2026-06-09,xae3yca,12
2026-06-09,xae31fm,3
2026-06-09,xadxpfa,48
2026-06-09,xade90q,8959
2026-06-09,xade0pe,22
2026-06-09,xadclly,4
2026-06-09,xad5f7k,5
2026-06-09,xacwsyw,3960
2026-06-09,xacwqew,34
2026-06-09,xacwn9o,3
2026-06-09,xacwkqe,3
2026-06-09,xacsao0,28
2026-06-09,xacs8w2,12
2026-06-09,xacrzu4,110
2026-06-09,xacimzm,6
2026-06-09,xacidty,2
2026-06-09,xabmrok,10
2026-06-09,xabpnvc,17
2026-06-09,xabmoda,6
2026-06-09,xabhyso,11
2026-06-09,xa66d8y,9
2026-06-09,xa62fvw,205
2026-06-09,xa5q7y8,15
2026-06-09,xa52mls,695
2026-06-09,xa2lno4,74
2026-06-09,xa2lefg,499
2026-06-09,x9z1sms,34
2026-06-09,xa0s530,17
2026-06-09,xa0s3nw,27
2026-06-09,xa0s1d0,15
2026-06-09,xa0pnq0,71
2026-06-09,xa0pkfm,9
2026-06-09,xa0nipo,1046
2026-06-09,xa0me5o,6
2026-06-09,xa0mh0s,50
2026-06-09,xae48xe,0
2026-06-09,xae489a,8
2026-06-09,xae0t76,0
2026-06-09,xae0s3u,2
2026-06-09,xae0oce,4
2026-06-09,xadmeki,2
2026-06-09,xadme22,6
2026-06-09,xadmdbu,3
2026-06-09,xadjwxu,1
2026-06-09,xad9ot6,3
2026-06-09,xad9nw6,5
2026-06-09,xad6944,740
2026-06-09,xad5wfg,2
2026-06-09,xad2sqy,2
2026-06-09,xad2r4y,10
2026-06-09,xacjwzc,0
2026-06-09,xacjmwe,4
2026-06-09,xac8zgc,10
2026-06-09,xabyzg0,3
2026-06-09,xabyvf4,1
2026-06-09,xabygcs,15
2026-06-09,xabybsg,6
2026-06-09,xaby9h6,8
2026-06-09,xabifxs,14
2026-06-09,xabgqja,14
2026-06-09,xabce9y,166
2026-06-09,xabcdcm,76
2026-06-09,xab8jsi,585
2026-06-09,xab8eq0,7
2026-06-09,xab51m2,4
2026-06-09,xab05ve,13
2026-06-09,xab01q4,4
2026-06-09,xaa0zey,11
2026-06-09,xa9yooi,4
2026-06-09,xa9yn8i,7
2026-06-09,xa9yklc,7
2026-06-09,xa9yi1w,603
2026-06-09,xa9y0uq,379
2026-06-09,xa8zvg8,4
2026-06-09,xa8zefq,0
2026-06-09,xa8tk7a,14
2026-06-09,xa8sbz6,45
2026-06-09,xa8mr2o,342
2026-06-09,xa8kw6w,592
2026-06-09,xa8fwv8,15
2026-06-09,xa8foac,16
2026-06-09,xa7ucfg,52
2026-06-09,xa7tqts,6
2026-06-09,xa7c5le,1301
2026-06-09,xa76eqy,6
2026-06-09,xa6yocq,85
2026-06-09,xa6m1ha,6
2026-06-09,xa6cgac,20
2026-06-09,xa67nec,26
2026-06-09,xa5tw2m,9
2026-06-09,xa5t8u6,117
2026-06-09,xa5o4dc,248
2026-06-09,xa5nydo,4215
2026-06-09,xa5iq96,102
2026-06-09,xa5c0y0,47
2026-06-09,xa5bhfg,2
2026-06-09,xa4kpse,36
2026-06-09,xa46fpy,2
2026-06-09,xa431dq,3
2026-06-09,xa42s8i,6
2026-06-09,xa3yu72,6
2026-06-09,xa3nzhg,757
2026-06-09,xa399km,7
2026-06-09,xa34wbs,152
2026-06-09,xa2vfy6,1
2026-06-09,xa2v4gg,4
2026-06-09,xa23d3c,8
2026-06-09,xa1pxyk,617
2026-06-09,xa1pon0,2
2026-06-09,xa1nh4g,7
2026-06-09,xa1i4b0,121
2026-06-09,xa1gnlg,3709
2026-06-09,xa1gfoa,5
2026-06-09,xa1gbu8,4437
2026-06-09,xa0pbim,6
2026-06-09,xa07ra0,72
2026-06-09,x9zzvtg,9
2026-06-09,x9zwd2w,3
2026-06-09,x9zwbqc,4
2026-06-09,x9zw7wc,1
2026-06-09,x9zv8u4,4
2026-06-09,x9zsvyw,2
2026-06-09,x9zsu0m,4
2026-06-09,x9zs3ua,3
2026-06-09,x9zs1qe,4
2026-06-09,x9zpo7i,6
2026-06-09,x9zpkmm,6
2026-06-09,x9zpf70,17
2026-06-09,xae45v6,8
2026-06-09,xae44wq,33
2026-06-09,xae4412,15
2026-06-09,xae42zi,16
2026-06-09,xadsfo2,307
2026-06-09,xads1a2,108
2026-06-09,xadqfe2,38
2026-06-09,xadqdaq,36
2026-06-09,xadqc4e,67
2026-06-09,xadk2ke,135
2026-06-09,xadjzgu,281
2026-06-09,xadk0d6,433
2026-06-09,xadk19a,84
2026-06-09,xad9kxi,63
2026-06-09,xad6388,2337
2026-06-09,xad2xek,27
2026-06-09,xad2vm6,158
2026-06-09,xacxhjy,407
2026-06-09,xacjgay,1465
2026-06-09,xacjc62,5850
2026-06-09,xac4zr8,393
2026-06-09,xabhqes,1830
2026-06-09,xabgtkc,21166
2026-06-09,xabd5x8,2081
2026-06-09,xabcho0,3926
2026-06-09,xabca3o,187
2026-06-09,xab8cyc,975
2026-06-09,xab4x8q,64
2026-06-09,xab4uo8,53
2026-06-09,xab4s4m,113
2026-06-09,xab0leg,717
2026-06-09,xab046m,15696
2026-06-09,xaaylqi,485
2026-06-09,xaayfvy,1922
2026-06-09,xaaybp6,191
2026-06-09,xaaw6g0,310
2026-06-09,xaa0x9i,200
2026-06-09,xaa0uzc,45
2026-06-09,xaa0t0a,92
2026-06-09,xa9yipk,8926
2026-06-09,xa9y88g,1286
2026-06-09,xa8zn8a,137
2026-06-09,xa8z4eg,189
2026-06-09,xa8srl2,485
2026-06-09,xa8s0vy,1693
2026-06-09,xa8kni4,187
2026-06-09,xa8jle8,168
2026-06-09,xa8fb6u,219
2026-06-09,xa8f3hy,5280
2026-06-09,xa7q9sk,828
2026-06-09,xa7pkos,53
2026-06-09,xa7btd6,607
2026-06-09,xa7647o,2037
2026-06-09,xa6yg14,1004
2026-06-09,xa6cp74,634
2026-06-09,xa67z36,5059
2026-06-09,xa67g94,183
2026-06-09,xa5tm4y,1871
2026-06-09,xa5p5lg,2935
2026-06-09,xa5nqp4,4844
2026-06-09,xa5ijgg,596
2026-06-09,xa5bdf2,16953
2026-06-09,xa5b9ba,5738
2026-06-09,xa5b4w8,1347
2026-06-09,xa4kijy,182
2026-06-09,xa4e0js,150
2026-06-09,xa46b2s,2176
2026-06-09,xa42zku,2630
2026-06-09,xa3zc6s,160
2026-06-09,xa3nrf6,7353
2026-06-09,xa393wo,3809
2026-06-09,xa34t4w,1300
2026-06-09,xa2v9pw,760
2026-06-09,xa2t1j8,53087
2026-06-09,xa231u0,9803
2026-06-09,xa1pd5a,738
2026-06-09,xa1p3uk,7364
2026-06-09,xa1nc1w,1047
2026-06-09,xa1gra8,18293
2026-06-09,xa1g8a0,318
2026-06-09,xa1g1ai,213
2026-06-09,xa1e54w,12177
2026-06-09,xa0thc2,86
2026-06-09,xa0nnwu,235
2026-06-09,xa0fgug,13693
2026-06-09,xa0fd24,1047
2026-06-09,x9zztrm,227
2026-06-09,x9zzrbs,436
2026-06-09,x9zwdvw,58
2026-06-09,x9zwbe0,328
2026-06-09,x9zw7ey,9777
2026-06-09,x9zswb6,35116
2026-06-09,x9zsv8u,72
2026-06-09,x9zsspu,3176
2026-06-09,x9zsruw,69
2026-06-09,x9zs3py,203
2026-06-09,x9zs154,46917
2026-06-09,x9zpplq,755
2026-06-09,x9zpohg,255
2026-06-09,x9zplva,3217
2026-06-09,xae4ob6,0
2026-06-09,xadxzze,1
2026-06-09,xadxzzq,0
2026-06-09,xae4ob2,0
2026-06-09,xadmneq,0
2026-06-09,xadmktu,5
2026-06-09,xadmkty,5
2026-06-09,xadmneu,5
2026-06-09,xadcgei,3
2026-06-09,xadak36,2
2026-06-09,xadak2u,0
2026-06-09,xadak32,231
2026-06-09,xadak2q,0
2026-06-09,xacs1my,493
2026-06-09,xacs1mw,1
2026-06-09,xacs1n0,0
2026-06-09,xacs1n2,688
2026-06-09,xabp5k8,8
2026-06-09,xabp5kc,2
2026-06-09,xabp5k6,9
2026-06-09,xabp5ka,4
2026-06-09,xabhr10,256
2026-06-09,xabhnpw,2
2026-06-09,xabhr0y,57
2026-06-09,xabhr12,9
2026-06-09,xabhnpy,13
2026-06-09,xab0q7q,4
2026-06-09,xab0ovg,11
2026-06-09,xab0ubg,33
2026-06-09,xab0q7s,2
2026-06-09,xab0ove,4
2026-06-09,xaaonng,3
2026-06-09,xaaov5k,32
2026-06-09,xaa9rya,47
2026-06-09,xaa9g3o,2
2026-06-09,xaa9dm2,4
2026-06-09,xaa9b7y,762
2026-06-09,xa9xo7i,23
2026-06-09,xa9xmgw,83
2026-06-09,xa9g2xk,6
2026-06-09,xa9g804,13
2026-06-09,xa9g2xi,9
2026-06-09,xa9g806,10
2026-06-09,xa8ec4w,9
2026-06-09,xa8ec4o,82
2026-06-09,xa8ec4s,34
2026-06-09,xa8m592,63
2026-06-09,xa8ec4u,103
2026-06-09,xa8m590,3701
2026-06-09,xa8m594,19
2026-06-09,xa8ec4q,48
2026-06-09,xa89534,11
2026-06-09,xa89532,11
2026-06-09,xa85a5m,5
2026-06-09,xa85a5i,3
2026-06-09,xa80axg,10
2026-06-09,xa75t8q,145
2026-06-09,xa75t8m,23
2026-06-09,xa75t8i,34
2026-06-09,xa75t8k,31
2026-06-09,xa75t8o,36
2026-06-09,xa6d29u,182
2026-06-09,xa6zgbw,4203
2026-06-09,xa6zgbu,597
2026-06-09,xa6d29q,47
2026-06-09,xa6d29s,51
2026-06-09,xa5n2qu,32
2026-06-09,xa5lfa6,42
2026-06-09,xa5lfa4,30
2026-06-09,xa5lfa2,25
2026-06-09,xa5bix2,256
2026-06-09,xa5lfa0,15
2026-06-09,xa5lfaa,103
2026-06-09,xa4v34y,19
2026-06-09,xa5bhj4,321
2026-06-09,xa4v350,14
2026-06-09,xa4caae,68
2026-06-09,xa4caac,60
2026-06-09,xa4caag,26
2026-06-09,xa43id2,18
2026-06-09,xa43id4,161
2026-06-09,xa3n4wk,27
2026-06-09,xa3g42y,52
2026-06-09,xa3n4wq,46
2026-06-09,xa3n4wo,67
2026-06-09,xa3g430,117
2026-06-09,xa383fc,411
2026-06-09,xa383fa,4354
2026-06-09,xa383f8,1052
2026-06-09,xa383f6,661
2026-06-09,xa2zmay,99
2026-06-09,xa2zmb0,38
2026-06-09,xa2zmb2,742
2026-06-09,xa2sf4a,126
2026-06-09,xa2sf48,36
2026-06-09,xa2m1wo,48
2026-06-09,xa2m1wm,4796
2026-06-09,xa26akk,400
2026-06-09,xa269u8,1916
2026-06-09,xa23uto,12
2026-06-09,xa23utm,28
2026-06-09,xa1t1mw,37
2026-06-09,xa1sv0m,288
2026-06-09,xa1p830,277
2026-06-09,xa1pl74,202
2026-06-09,xa1ppcu,272
2026-06-09,xa0sdh2,406
2026-06-09,xa0rnzg,121
2026-06-09,xa0rnze,6
2026-06-09,xa0p6fw,1025
2026-06-09,xa0hdwc,30
2026-06-09,xa0hdwe,391
2026-06-09,xa0cryq,17
2026-06-09,xa05h4i,39
2026-06-09,xadakqi,1
2026-06-09,xadxywe,4
2026-06-09,xadxyw6,13
2026-06-09,xadxywa,0
2026-06-09,xadakqm,10
2026-06-09,xadakqq,26
2026-06-09,xacst34,148
2026-06-09,xacskck,8
2026-06-09,xacskci,34
2026-06-09,xacsn5y,622
2026-06-09,xacsn60,35
2026-06-09,xabug0k,15
2026-06-09,xabug0m,9
2026-06-09,xabhuhi,10
2026-06-09,xabhuhg,7801
2026-06-09,xabojp2,56
2026-06-09,xabojp0,7332
2026-06-09,xabhuhk,1999
2026-06-09,xabhuhm,8
2026-06-09,xab59bi,7
2026-06-09,xab59bm,9
2026-06-09,xa9p3pq,1
2026-06-09,xa9p3po,2
2026-06-09,xab59bg,5
2026-06-09,xab59bk,4
2026-06-09,xaanb8g,7
2026-06-09,xa9s4ju,72
2026-06-09,xaanb8k,7
2026-06-09,xaanb8i,207
2026-06-09,xa9xmuy,159
2026-06-09,xa9xmv0,5
2026-06-09,xa9p3pu,379
2026-06-09,xa9xmuw,3
2026-06-09,xa9p3pw,2
2026-06-09,xa9p3ps,3
2026-06-09,xa9czuc,5
2026-06-09,xa9czua,7
2026-06-09,xa8ly6w,12
2026-06-09,xa8sxes,4212
2026-06-09,xa89w9m,34
2026-06-09,xa8ly6s,27
2026-06-09,xa8527w,62
2026-06-09,xa85af2,13
2026-06-09,xa9czu8,19
2026-06-09,xa9czu6,2
2026-06-09,xa8fj9e,4
2026-06-09,xa829rq,3
2026-06-09,xa8sxeq,4
2026-06-09,xa8fj9a,29
2026-06-09,xa8fj9c,166
2026-06-09,xa8ly6u,4
2026-06-09,xa85280,53
2026-06-09,xa89w9q,51
2026-06-09,xa89w9o,29
2026-06-09,xa8527y,4
2026-06-09,xa8266e,3
2026-06-09,xa75w8o,4
2026-06-09,xa75w8q,94
2026-06-09,xa75w8m,2
2026-06-09,xa6zl1o,13
2026-06-09,xa6zo80,62
2026-06-09,xa6zk0o,45
2026-06-09,xa6zg7c,183
2026-06-09,xa6csi8,31
2026-06-09,xa6csia,42
2026-06-09,xa5kw8s,24
2026-06-09,xa5peha,57
2026-06-09,xa5play,2976
2026-06-09,xa5plb0,1249
2026-06-09,xa5kw8o,59
2026-06-09,xa5kydw,48
2026-06-09,xa5kw8q,100
2026-06-09,xa5kw8m,404
2026-06-09,xa5bigy,389
2026-06-09,xa5bhme,499
2026-06-09,xa4nr4y,30
2026-06-09,xa4nf3e,32
2026-06-09,xa4nvpc,36
2026-06-09,xa4nf3a,4
2026-06-09,xa0row4,18
2026-06-09,xa0nm0m,48
2026-06-09,xa0gvim,5
2026-06-09,xa0gvie,221
2026-06-09,xa0fsvu,28
2026-06-09,xaanxki,8
2026-06-09,xa9ze6s,6
2026-06-09,xa9z468,1
2026-06-09,xa9wxa2,8
2026-06-09,xa9vqly,94
2026-06-09,xa9v6z0,7
2026-06-09,xa5zu7y,766
2026-06-09,xa5zm8q,491
2026-06-09,xa5s9ey,252
2026-06-09,xa421fq,30
2026-06-09,xa40fe2,6
2026-06-09,xa3tjtq,40
2026-06-09,xa2sxau,4
2026-06-09,xa2stcq,7
2026-06-09,xa21i4y,9
2026-06-09,xa21cgi,10
2026-06-09,xa216y6,4
2026-06-09,xae0wqu,142
2026-06-09,xae0pwy,1
2026-06-09,xadxoiy,0
2026-06-09,xadnppa,34
2026-06-09,xadnn5q,180
2026-06-09,xadnjey,214
2026-06-09,xadd71i,53
2026-06-09,xadcq6e,841
2026-06-09,xadcdnq,18
2026-06-09,xad53py,194
2026-06-09,xad4pqi,744
2026-06-09,xad4osk,95
2026-06-09,xacy260,459
2026-06-09,xactwpk,3352
2026-06-09,xackuma,221
2026-06-09,xackon8,12
2026-06-09,xackika,266
2026-06-09,xac93f8,29
2026-06-09,xac8x1g,6
2026-06-09,xac88wm,62
2026-06-09,xac7ivq,17
2026-06-09,xabbz6y,44
2026-06-09,xabb1ec,40
2026-06-09,xab1it2,16
2026-06-09,xab1g0q,3
2026-06-09,xaau5f2,116
2026-06-09,xaau2z2,136
2026-06-09,xaatc9q,9
2026-06-09,xaamxkw,131
2026-06-09,xaah9gu,79
2026-06-09,xaa9n4m,31
2026-06-09,xaa9ewg,39
2026-06-09,xaa9d56,7978
2026-06-09,xaa99sk,159
2026-06-09,xa9rfnm,62
2026-06-09,xa9r3aq,84
2026-06-09,xa9liks,11
2026-06-09,xa9lfn6,2330
2026-06-09,xa9leru,24
2026-06-09,xa9fwtq,51
2026-06-09,xa887d2,77
2026-06-09,xa88636,9
2026-06-09,xa77og0,1408
2026-06-09,xa77mys,251
2026-06-09,xa74zbe,249
2026-06-09,xa6d4bq,1953
2026-06-09,xa6d01e,156
2026-06-09,xa6d1mg,6412
2026-06-09,xa5zp5q,154
2026-06-09,xa5zoeq,39
2026-06-09,xa5rv9q,16733
2026-06-09,xa5rhby,24
2026-06-09,xa5bzpe,96
2026-06-09,xa5589u,44
2026-06-09,xa528ug,203
2026-06-09,xa50c4s,62
2026-06-09,xa500ze,34
2026-06-09,xa4ttqm,17
2026-06-09,xa39jr2,270
2026-06-09,xa395uc,33
2026-06-09,xa340qc,356
2026-06-09,xa33xqi,199
2026-06-09,xa2uko2,23
2026-06-09,xa1y96w,17
2026-06-09,xa1uk2e,50
2026-06-09,xa1scl8,1372
2026-06-09,xa07hgs,141
2026-06-09,xa05sum,57
2026-06-09,xa04suo,76
2026-06-09,xa02m6c,477
2026-06-09,xa00aga,32
2026-06-09,x9zzav2,58
2026-06-09,x9zyvgm,108
2026-06-09,x9zwd2a,62
2026-06-09,x9zte0c,1121
2026-06-09,xae0sxu,1
2026-06-09,xae08uy,33
2026-06-09,xadxchu,4
2026-06-09,xadnn2m,2124
2026-06-09,xadnjda,218
2026-06-09,xadd6zu,24
2026-06-09,xadcq3m,29
2026-06-09,xadcdly,38
2026-06-09,xad53pi,127
2026-06-09,xad4ppu,107
2026-06-09,xad4ots,235
2026-06-09,xactzke,65
2026-06-09,xacty3i,31
2026-06-09,xactwqk,7770
2026-06-09,xackuna,17032
2026-06-09,xackq5y,33
2026-06-09,xackju2,11
2026-06-09,xackg44,469
2026-06-09,xac93ay,22
2026-06-09,xac8wvw,10
2026-06-09,xac88su,35
2026-06-09,xac7ike,46
2026-06-09,xabb5ky,88
2026-06-09,xabb0ri,28
2026-06-09,xabaxao,39
2026-06-09,xab1klc,128
2026-06-09,xab1iru,14
2026-06-09,xab1fzi,3
2026-06-09,xaau5g2,38
2026-06-09,xaau2rs,167
2026-06-09,xaatcmy,5
2026-06-09,xaamww8,120
2026-06-09,xaah99i,3072
2026-06-09,xaa9mau,23
2026-06-09,xaa9f2w,81
2026-06-09,xaa9cuk,48482
2026-06-09,xaa9aue,63
2026-06-09,xa9rdko,63
2026-06-09,xa9r5c0,5621
2026-06-09,xa9li6k,34
2026-06-09,xa9lfr6,5282
2026-06-09,xa9leqw,11
2026-06-09,xa9lfaa,31
2026-06-09,xa9fx96,31
2026-06-09,xa8876e,28
2026-06-09,xa885ri,113
2026-06-09,xa77o7y,413
2026-06-09,xa77n72,734
2026-06-09,xa71cim,363
2026-06-09,xa6d38y,813
2026-06-09,xa6d1ho,309
2026-06-09,xa6czqu,64
2026-06-09,xa5zoxa,89
2026-06-09,xa5zoda,168
2026-06-09,xa5rgw2,141
2026-06-09,xa5bzk4,59
2026-06-09,xa5586u,41
2026-06-09,xa527aa,1080
2026-06-09,xa50bvw,41
2026-06-09,xa4zzu2,692
2026-06-09,xa4ttnw,14
2026-06-09,xa39jl6,42
2026-06-09,xa33yum,1369
2026-06-09,xa33xmm,1351
2026-06-09,xa2wwqs,1098
2026-06-09,xa2ukjg,16
2026-06-09,xa1y8wi,6
2026-06-09,xa1ujqw,103
2026-06-09,xa1u918,64
2026-06-09,xa1ofmw,790
2026-06-09,xae3ude,3
2026-06-09,xae3ode,1
2026-06-09,xae3bi2,1
2026-06-09,xadwxoa,3
2026-06-09,xadwt52,4
2026-06-09,xadwqje,2
2026-06-09,xadqlta,6
2026-06-09,xadqf02,4
2026-06-09,xadq5d6,2
2026-06-09,xadl0au,3
2026-06-09,xadk9wq,198
2026-06-09,xadk5nq,8
2026-06-09,xadjtv6,5
2026-06-09,xacvmra,10
2026-06-09,xacq8o0,4
2026-06-09,xacpzic,3
2026-06-09,xabx0l2,1
2026-06-09,xabpzwy,38
2026-06-09,xabn2xm,8
2026-06-09,xabhqgs,464
2026-06-09,xab7s30,119
2026-06-09,xab455k,6
2026-06-09,xab3y14,6
2026-06-09,xab0dua,6
2026-06-09,xaayc7g,2
2026-06-09,xaarnno,4
2026-06-09,xaarg24,3
2026-06-09,xaamq2k,11
2026-06-09,xaamcqu,3
2026-06-09,xaadn1w,19
2026-06-09,xaacxly,66
2026-06-09,xaa78j0,1
2026-06-09,xaa3suk,106
2026-06-09,xa9xj5w,24
2026-06-09,xa9tdbg,6
2026-06-09,xa9osck,6
2026-06-09,xa9o0ii,8
2026-06-09,xa9kdrc,4
2026-06-09,xa9ga3a,50
2026-06-09,xa9bvv6,3
2026-06-09,xa98ly4,3
2026-06-09,xa8oqza,4
2026-06-09,xa8lje8,11
2026-06-09,xa8f1ts,8
2026-06-09,xa8dw14,5
2026-06-09,xa8aqu0,7
2026-06-09,xa81oda,11
2026-06-09,xa7tqgs,8
2026-06-09,xa7mo6g,50
2026-06-09,xa7m7oo,5
2026-06-09,xa71rkc,13
2026-06-09,xa71o3e,19
2026-06-09,xa6ikp6,827
2026-06-09,xa65fj6,23
2026-06-09,xa5y4eq,134
2026-06-09,xa5szxg,161
2026-06-09,xa5dtlq,23
2026-06-09,xa530b6,5
2026-06-09,xa4mzc0,442
2026-06-09,xa4j1ug,102
2026-06-09,xa4irzw,15
2026-06-09,xa4e298,769
2026-06-09,xa46f3k,4
2026-06-09,xa3yorg,398
2026-06-09,xa3ykeq,4
2026-06-09,xa3n0r0,566
2026-06-09,xa3ishc,953
2026-06-09,xa3ge62,13
2026-06-09,xa3g5qk,45
2026-06-09,xa28xxs,240
2026-06-09,xa27cho,1539
2026-06-09,xa1tdow,8
2026-06-09,xa1t5gy,37
2026-06-09,xa1ne4o,1459
2026-06-09,xa1fk02,8577
2026-06-09,xa1ahu8,428
2026-06-09,xa1ae44,235
2026-06-09,xa19x9w,94
2026-06-09,xa0rnvs,38
2026-06-09,xa0pjky,10
2026-06-09,x9zz99i,55
2026-06-09,x9zz7r2,105
2026-06-09,x9zxgje,5
2026-06-09,x9zvyww,10
2026-06-09,x9zvw2k,11
2026-06-09,x9ztmdu,12
2026-06-09,x9zti34,7
2026-06-09,x9zsl18,9
2026-06-09,x9zsjkm,11
2026-06-09,x9zsgwe,47
2026-06-09,xady5by,2
2026-06-09,xady15u,20
2026-06-09,xadxxcm,7
2026-06-09,xadxt1q,13
2026-06-09,xadxmha,1
2026-06-09,xadrd32,20
2026-06-09,xadr9t2,7
2026-06-09,xadr4ki,5
2026-06-09,xadr0ha,7
2026-06-09,xadqj5q,22
2026-06-09,xacweg4,14
2026-06-09,xacwd3a,113
2026-06-09,xacw8xo,4
2026-06-09,xacsuhu,77
2026-06-09,xacssp6,7
2026-06-09,xacsrj0,3
2026-06-09,xacsngu,6538
2026-06-09,xacfvf8,121
2026-06-09,xabur4a,5798
2026-06-09,xabgal4,1161
2026-06-09,xabctqq,66
2026-06-09,xab9rte,18
2026-06-09,xab9ooe,474
2026-06-09,xaay06m,34
2026-06-09,xaaxz7c,31
2026-06-09,xaaxwca,24
2026-06-09,xaaxubu,46
2026-06-09,xaarjzo,37
2026-06-09,xaarizu,1230
2026-06-09,xaarfiy,133
2026-06-09,xaareh0,198
2026-06-09,xaarcli,51
2026-06-09,xa9tskw,56
2026-06-09,xa9onbw,53
2026-06-09,xa9om12,12
2026-06-09,xa9g1b4,86
2026-06-09,xa9fw92,2
2026-06-09,xa9fv9e,10
2026-06-09,xa9fuas,39
2026-06-09,xa9cvk4,10
2026-06-09,xa8l7xg,15
2026-06-09,xa8e2d0,13
2026-06-09,xa8e0r8,14
2026-06-09,xa8bqpe,1459
2026-06-09,xa7ldra,647
2026-06-09,xa7laqi,20
2026-06-09,xa78zz0,28
2026-06-09,xa78y8o,1671
2026-06-09,xa6vtyg,65
2026-06-09,xa6awts,23
2026-06-09,xa6aftq,38
2026-06-09,xa68bbk,46
2026-06-09,xa67tks,2673
2026-06-09,xa63xp2,68
2026-06-09,xa63tkc,74
2026-06-09,xa57gde,25296
2026-06-09,xa52lho,127
2026-06-09,xa52ktc,1659
2026-06-09,xa4n90g,2200
2026-06-09,xa4n83a,33
2026-06-09,xa3tc2e,172
2026-06-09,xa3su0i,75
2026-06-09,xa3s8ky,3848
2026-06-09,xa3deak,1777
2026-06-09,xa3d4dw,126
2026-06-09,xa36df6,642
2026-06-09,xa2xv00,64
2026-06-09,xa2xs9q,116
2026-06-09,xa2xjdg,37
2026-06-09,xa2x3ls,47
2026-06-09,xa2x2x2,99
2026-06-09,xa2vl3e,709
2026-06-09,xa2vhyg,20
2026-06-09,xa2vfxc,94
2026-06-09,xa2vf6q,4881
2026-06-09,xa2ti2w,83
2026-06-09,xa2s162,11568
2026-06-09,xa0s4ha,56
2026-06-09,xa0idg4,390
2026-06-09,xa0fkyq,379
2026-06-09,xa09dyg,68
2026-06-09,xa05k3a,64
2026-06-09,xac5u8q,36993
2026-06-09,xac5u8s,9325
2026-06-09,xac5u8o,184
2026-06-09,xabe0zq,43630
2026-06-09,xab9m10,3669
2026-06-09,xab9hgm,95
2026-06-09,xab4ros,153
2026-06-09,xab4n1s,581
2026-06-09,xab4lqg,18965
2026-06-09,xab0yr2,97
2026-06-09,xab0zek,61
2026-06-09,xab0u32,932
2026-06-09,xaao3lk,197
2026-06-09,xaaemwo,186
2026-06-09,xaa8l9k,96
2026-06-09,xaa8hr2,68
2026-06-09,xaa51im,4818
2026-06-09,xaa0df4,162
2026-06-09,xaa0gp4,37
2026-06-09,xaa0cv0,1827
2026-06-09,xa9ci74,1356
2026-06-09,xa8zua0,135
2026-06-09,xa8zu9w,50
2026-06-09,xa8zu9y,31
2026-06-09,xa8zu9s,5425
2026-06-09,xa8zu9u,10111
2026-06-09,xa7wo3i,1382
2026-06-09,xa7wo3k,92
2026-06-09,xa7v020,122
2026-06-09,xa7uly2,26
2026-06-09,xa7uly4,1197
2026-06-09,xa7uly0,225
2026-06-09,xa7uly6,4710
2026-06-09,xa7h804,128
2026-06-09,xa5xv3y,8644
2026-06-09,xa5xv3u,71
2026-06-09,xa5xv3s,26616
2026-06-09,xa5o020,180
2026-06-09,xa5l8jg,40
2026-06-09,xa5itti,1421
2026-06-09,xa56xqs,133
2026-06-09,xa56xqq,9941
2026-06-09,xa4zcno,147
2026-06-09,xa3k71i,1413
2026-06-09,xa3k71k,3494
2026-06-09,xa39kyk,155279
2026-06-09,xa39kys,649
2026-06-09,xa39kyo,123
2026-06-09,xa36efs,98
2026-06-09,xa30ma6,385
2026-06-09,xa30m9y,53
2026-06-09,xa2xl6c,926
2026-06-09,xa0s0dc,88
2026-06-09,xa0rzns,73
2026-06-09,xa0ryy6,151
2026-06-09,xa0rxom,376
2026-06-09,xa0podg,54
2026-06-09,xa0nrky,65
2026-06-09,xa0nof2,1294
2026-06-09,x9zv8eq,97
2026-06-09,xae4lz6,4
2026-06-09,xae3ewy,1
2026-06-09,xae0o1e,73
2026-06-09,xadzese,12
2026-06-09,xady9mi,12
2026-06-09,xadxd8e,8
2026-06-09,xadtxrq,0
2026-06-09,xadsrbi,1
2026-06-09,xadrl62,10
2026-06-09,xadptre,3
2026-06-09,xadnd62,20
2026-06-09,xadlvxi,2357
2026-06-09,xadkluy,206
2026-06-09,xadit76,2368
2026-06-09,xadfj0y,44
2026-06-09,xade3vi,62
2026-06-09,xadbqgi,5
2026-06-09,xad94yu,25
2026-06-09,xad728y,23
2026-06-09,xad65pa,31
2026-06-09,xad5cu6,13
2026-06-09,xad4qfi,12
2026-06-09,xacwblc,25
2026-06-09,xaaz1la,79
2026-06-09,xaaz3me,144
2026-06-09,xaapdfy,227
2026-06-09,xaap7h0,435
2026-06-09,xaaipk0,28764
2026-06-09,xaa9vtk,30
2026-06-09,xaa9u6c,77
2026-06-09,xaa9s18,26
2026-06-09,xaa20bs,80
2026-06-09,xa9zmlm,89
2026-06-09,xa9zkuk,22
2026-06-09,xa9q54w,60176
2026-06-09,xa9q0w6,194
2026-06-09,xa9pxoe,6063
2026-06-09,xa9kzog,51
2026-06-09,xa9hjpi,49
2026-06-09,xa9h732,4
2026-06-09,xa98mhg,24467
2026-06-09,xa90uuc,36
2026-06-09,xa8prxe,59
2026-06-09,xa8eyt6,106
2026-06-09,xa8aaqo,251
2026-06-09,xa7x4sq,206
2026-06-09,xa7q1dq,23
2026-06-09,xa7frxy,5836
2026-06-09,xa7b6qo,20
2026-06-09,xa6zcyu,1279
2026-06-09,xa6tes0,2905
2026-06-09,xa6bmce,17808
2026-06-09,xa5y0za,619
2026-06-09,xa5qx7w,17686
2026-06-09,xa5nwgk,5761
2026-06-09,xa5asww,1041
2026-06-09,xa573xc,76
2026-06-09,xa548q2,3198
2026-06-09,xa53sxg,3849
2026-06-09,xa4t42c,81
2026-06-09,xa4kprq,98
2026-06-09,xa46dbw,113
2026-06-09,xa3yc64,1093
2026-06-09,xa3qvri,102
2026-06-09,xa3nsmy,1048
2026-06-09,xa3mg2k,113
2026-06-09,xa34jey,517
2026-06-09,xa301ce,201
2026-06-09,xa2em3o,67124
2026-06-09,xa273xq,26343
2026-06-09,xa1ubum,6691
2026-06-09,xa1u324,5676
2026-06-09,xa1txg0,84
2026-06-09,xa1dvf0,409
2026-06-09,xa1alyq,157
2026-06-09,xa0p036,724
2026-06-09,xa0idei,3425
2026-06-09,xa05eia,30845
2026-06-09,xa042wg,627
2026-06-09,xa042fw,19807
2026-06-09,xa041j0,2576
2026-06-09,xa01qsm,9486
2026-06-09,xa01dzy,99
2026-06-09,xa00dle,73
2026-06-09,xa00a1y,626
2026-06-09,xa0027g,7180
2026-06-09,x9zxiui,96
2026-06-09,x9zwyew,458
2026-06-09,xae3z8m,15
2026-06-09,xadlmx6,4
2026-06-09,xadkh16,1
2026-06-09,xade8zm,8
2026-06-09,xacwr72,17
2026-06-09,xacs9yc,10
2026-06-09,xacr552,6
2026-06-09,xacipts,52
2026-06-09,xabwpso,6
2026-06-09,xabvzig,160
2026-06-09,xabv6xk,212
2026-06-09,xab4jq2,31
2026-06-09,xab45cc,56
2026-06-09,xab3oqi,3290
2026-06-09,xab3oqg,20
2026-06-09,xaanfiy,1
2026-06-09,xaan12w,40
2026-06-09,xaad386,62
2026-06-09,xaac4c2,317
2026-06-09,xaa56xs,77
2026-06-09,xaa4mi4,16
2026-06-09,xa9y6n8,13
2026-06-09,xa9xrsa,316
2026-06-09,xa9vh10,17
2026-06-09,xa9ldv6,108
2026-06-09,xa9lo0g,85
2026-06-09,xa9kcj2,8
2026-06-09,xa9lo0i,533
2026-06-09,xa9gdq2,2
2026-06-09,xa9g4hy,3
2026-06-09,xa9cqgi,99
2026-06-09,xa9c2nc,2
2026-06-09,xa991io,197
2026-06-09,xa93h3i,253
2026-06-09,xa93h3m,9
2026-06-09,xa93h3k,27768
2026-06-09,xa92lka,8
2026-06-09,xa92lki,37
2026-06-09,xa8eq66,5
2026-06-09,xa8aku0,56
2026-06-09,xa8aku2,225
2026-06-09,xa8a3hi,22981
2026-06-09,xa816ho,194
2026-06-09,xa7ktwo,120
2026-06-09,xa7k2dq,45
2026-06-09,xa7f5g8,5
2026-06-09,xa572qq,73
2026-06-09,xa572qo,57
2026-06-09,xa50qro,461
2026-06-09,xa39alu,226
2026-06-09,xa1t9gw,1201
2026-06-09,xa1t9h0,337
2026-06-09,xa1t9gy,2339
2026-06-09,xa1o5xk,375
2026-06-09,xa1n9go,177
2026-06-09,xa1n9gm,446
2026-06-09,xa0sxlm,332
2026-06-09,xa081pi,576
2026-06-09,xa081pg,380
2026-06-09,xa081p6,257
2026-06-09,xa081pa,217
2026-06-09,xa081p4,118
2026-06-09,x9zwsom,13386
2026-06-09,x9zwsou,16591
2026-06-09,x9zwsoq,95
2026-06-09,x9zwsoo,172
2026-06-09,xa23hoa,367
2026-06-09,xa23b5k,35
2026-06-09,xa23a1c,56
2026-06-09,xa238qs,187
2026-06-09,xa234mo,656
2026-06-09,xa0nfn0,522
2026-06-09,xa08jzo,106
2026-06-09,xa08hbs,39
2026-06-09,x9zwm28,27
2026-06-09,x9zvlea,36
2026-06-09,x9zt67m,65
2026-06-09,x9zt2jc,98
2026-06-09,x9zsyea,62
2026-06-09,x9zslji,140
